,Site Num,Representative Rates,Company_Na,Company_Ty,State,Planning_A,Control_Ar,Membership,Area_sq_mi,Pop_2000,Number_Of_,Total_Resi,Total_Indu,Total_Comm,Total_Cust,Pop_2010,DOE,id,X,Y,intl,w_msyr,Company_city,CAIDI w/MED,CAIDI Defaults
0,0,539f724fec4f024411ecf025,Matanuska Electric Association Inc,DistCoop,AK,Chugach Electric Association Inc,Chugach Electric Association Inc,Alaska Electric G & T Coop Inc,5583.300968,97155.20161,54731.26942,57798,0,5977,63775,129270.7728,7,0,-150.0974729,62.18148697,0,200,Unalakleet,159.019,159.019
1,1,58b8474f5457a3a456fbf84a,Golden Valley Electric Association Inc,DistCoop,AK,Chugach Electric Association Inc,Chugach Electric Association Inc,Not Applicable,30263.81422,88178.15413,46086.16197,39019,517,6544,46080,104333.7644,8,1,-145.0118814,63.58592563,0,200,Fairbanks,86.828,86.828
3,3,nan,Chugach Electric Association Inc,DistCoop,AK,Chugach Electric Association Inc,Chugach Electric Association Inc,Not Applicable,4348.050273,195215.654,86663.82962,71305,7,9615,80927,225948.9763,7,3,-147.9795551,60.45283225,0,200,Anchorage,118.525,118.525
7,7,nan,Bethel Utilities Corp,IOU,AK,Chugach Electric Association Inc,Chugach Electric Association Inc,Not Applicable,17.78500005,254982,186.2071567,-99,-99,-99,-99,473.698541,8,7,-161.8150504,60.79452881,0,250,Anchorage,,86.828122
8,8,539fc1cbec4f024c27d8aad1,Chitina Electric Inc,IOU,AK,Chugach Electric Association Inc,Chugach Electric Association Inc,Not Applicable,95.24252764,-99,10.02591941,49,0,29,78,11.24060543,7,8,-144.2943188,61.52692195,0,250,Chitina,,155.4287146
10,10,539fc424ec4f024c27d8c3e7,Alaska Electric Light & Power Co,IOU,AK,Duke Energy Carolinas LLC,Duke Energy Carolinas LLC,Not Applicable,3037.817471,28022.36482,11755.66522,14579,131,2295,17005,28444.62638,7,10,-134.1103234,58.42445257,0,250,Juneau,46.104,46.104
11,11,5b7c56755457a379460a2ad2,Anchorage Municipal Light & Power,Muni,AK,Anchorage AK (City of),Anchorage AK (City of),Not Applicable,71.03638702,140305.8568,62330.62298,24680,0,6392,31072,152779.5673,7,11,-149.8544376,61.19905756,0,250,Anchorage,186.317,186.317
12,12,539fb9a4ec4f024bc1dc24cd,AEP Texas Central Co,IOU,TX,ERCOT,ERCOT ISO (Balancing Authority),Not Applicable,47058.09473,2247773.083,961051.7644,-99,-99,-99,-99,2634807.221,2_moist,12,-98.59535924,26.60000429,0,500,Corpus Christi,128.462,128.462
16,16,539f70e6ec4f024411ece007,AEP Texas North Co,IOU,TX,ERCOT,ERCOT ISO (Balancing Authority),Not Applicable,44813.1676,414292.5804,193958.1433,0,0,0,0,419924.3106,3_moist,16,-99.03826226,32.1840108,0,500,Abilene,136.624,136.624
24,24,5a79ef575457a362555d8b11,Alabama Power Co,IOU,AL,Alabama Power Co,Southern Co Services Inc,Not Applicable,20119.46618,2542412.447,1220957.245,1268271,6171,200600,1475042,2731170.866,3_moist,24,-86.80039848,32.59937654,0,450,Birmingham,136.624,136.624
27,27,539fb3eeec4f024bc1dbe389,ALLETE Inc,IOU,MN,Midcontinent ISO,Midcontinent ISO (Balancing Authority),Not Applicable,2398.272056,163930.75,87614.42,122295,390,23668,146353,184462.72,7,27,-92.83804005,46.98936853,0,350,Duluth,107.542,107.542
30,30,5b9157dc5457a30f23fe082d,Ameren Illinois,IOU,IL,Midcontinent ISO,Midcontinent ISO (Balancing Authority),Not Applicable,44872.22301,3217449.9,1447701.331,433310,317,64162,497789,3281336.131,5_moist,30,-89.51501824,40.03963098,0,400,St Louis,154.33,154.33
33,33,5afb21c35457a3b2761f7956,Ameren Missouri,IOU,MO,Midcontinent ISO,Midcontinent ISO (Balancing Authority),Not Applicable,15207.3399,2646620.27,1245224.901,1053590,4073,158126,1215790,2782871.14,5_moist,33,-92.61665754,39.86509433,0,400,St Louis,,323.2671756
35,35,5c4761195457a3013d42792e,Appalachian Power Co (West Virginia),IOU,WV,PJM Interconnection,PJM Interconnection,Not Applicable,18552.32554,1878653.53,896770.85,808570,4115,143118,955803,1909190.09,5_moist,35,-81.04211304,37.67066702,0,400,Roanoke,271.45,271.45
37,37,5d07c5da5457a34a79474944,Appalachian Power Co (Virginia),IOU,TN,PJM Interconnection,PJM Interconnection,Not Applicable,18552.32554,1878653.53,896770.85,808570,4115,143118,955803,1909190.09,4_moist,37,-82.4891359,36.53085417,0,400,Roanoke,280.94,280.94
42,42,5a5e2acd5457a3e16be429d0,Arizona Public Service Co,IOU,AZ,Arizona Public Service Co,Arizona Public Service Co,Arizona Nuclear Power Project,34906.90348,1856448.31,1148217.127,1080665,4058,129904,1214627,2447898.152,5_dry,42,-111.8449882,35.33602866,0,500,Phoenix,123.5,123.5
48,48,59bab4b95457a3515342da67,Atlantic City Electric Co,IOU,NJ,PJM Interconnection,PJM Interconnection,Not Applicable,2698.122001,933264.3977,486245.2962,415072,429,44441,459942,1012184.7,4_moist,48,-74.89160208,39.53624672,0,400,Wilmington,89.247,89.247
49,49,5d1532225457a35717de8454,Austin Energy,Muni,TX,ERCOT,ERCOT ISO (Balancing Authority),Not Applicable,512.6904815,747011.681,397298.6277,424554,104,51086,475744,901508.0017,2_moist,49,-97.75232239,30.2962806,0,450,Austin,86.42,86.42
50,50,5b0dab845457a3880c733307,Avista Corp (Idaho),IOU,ID,Avista Corp,Avista Corp,Not Applicable,16976.07476,582511.43,296770.71,337941,1320,43017,382278,671085.19,5_dry,50,-116.5302278,46.21915672,0,400,Spokane,148.8,148.8
51,51,5b085bf55457a3b5400b0e3b,Avista Corp (Washington),IOU,WA,Avista Corp,Avista Corp,Not Applicable,16976.07476,582511.43,296770.71,337941,1320,43017,382278,671085.19,5_dry,51,-118.151822,47.08675615,0,400,Spokane,205.556,205.556
56,56,5b3544e45457a32e208367bf,Baltimore Gas & Electric Co,IOU,MD,PJM Interconnection,PJM Interconnection,Not Applicable,2251.050537,2692650.022,1192998.9,872518,3103,65620,941241,2875187.036,4_moist,56,-76.67082205,39.33396062,0,400,Baltimore,121.419,121.419
57,57,539fbf47ec4f024c27d88ff9,Bartlett Electric Coop Inc,DistCoop,TX,ERCOT,ERCOT ISO (Balancing Authority),Brazos Electric Power Coop,3925.822986,528648.213,308380.912,10790,0,987,11777,774825.3806,2_moist,57,-97.23530483,30.76565236,0,450,Bartlett,190.238,190.238
58,58,539fb63cec4f024bc1dbfdd1,Bear Valley Electric Service,IOU,CA,California ISO,California Independent System Operator (Balancing Authority),Not Applicable,85.07627806,7822.01,16736.04,22470,7,1504,23981,12062.44,3_dry,58,-116.917434,34.27167847,0,550,Big Bear Lake,144.498,144.498
59,59,nan,BHE Holdings Inc,IOU,ME,New England ISO,New England ISO (Balancing Authority),Not Applicable,2181.389025,52417.87839,26539.56604,-99,-99,-99,-99,51426.63843,7,59,-68.29479254,46.4434135,0,350,Presque Isle,,155.4287146
62,62,539f764fec4f024411ed1e3b,Black Hills Colorado Electric Utility Co LP,IOU,CO,Public Service Co of Colorado,Public Service Co of Colorado,Not Applicable,10472.79249,225364.36,134496.2975,84283,56,11612,95951,315238.3088,6_dry,62,-105.6457873,38.12461644,0,500,Pueblo,69.575,69.575
68,68,5b86ddaa5457a3a3178b4567,Black Hills Power Inc (South Dakota),IOU,SD,Black Hills Corp,WAPA Rocky Mountain Region,Not Applicable,1532.435537,96166.70408,47599.54705,58474,21,13682,72177,105223.5193,6_moist,68,-103.8213259,43.33856318,0,450,Rapid City,248.487,248.487
69,69,557863d15457a3042b8ba375,Black Hills Power Inc (Wyoming),IOU,WY,Black Hills Corp,WAPA Rocky Mountain Region,Not Applicable,1532.435537,96166.70408,47599.54705,58474,21,13682,72177,105223.5193,6_dry,69,-104.3877405,44.07758005,0,400,Rapid City,162.532,162.532
70,70,53bafc905257a343130b9a73,Black Hills Power Inc (Montana),IOU,MT,Black Hills Corp,WAPA Rocky Mountain Region,Not Applicable,1532.435537,96166.70408,47599.54705,58474,21,13682,72177,105223.5193,6_dry,70,-104.3864955,45.03855615,0,400,Rapid City,145.602,145.602
72,72,nan,CalPeco LLC,IOU,CA,Not Applicable,Not Applicable,Not Applicable,10572.75051,0,0,42323,0,5872,48195,0,3_dry,72,-120.7312328,39.06156961,0,500,,,112.0382664
81,81,54f09fdc5357a3bc7da9f699,CenterPoint Energy Houston Electric LLC,IOU,TX,ERCOT,ERCOT ISO (Balancing Authority),Not Applicable,4914.525205,4069574.998,1958896.22,-99,-99,-99,-99,5062671.929,2_moist,81,-95.58706778,29.56239277,0,450,Houston,128.81,128.81
83,83,5bb644a35457a39a5f68a12a,Central Hudson Gas & Electric Corp,IOU,NY,New York Independent System Operator Inc,New York ISO (Balancing Authority),Not Applicable,2615.72862,595396.8061,264117.6019,222189,724,34900,257813,619922.2684,6_moist,83,-74.22948615,41.85888645,0,350,Poughkeepsie,,323.2671756
85,85,5cd4a1a55457a3183a54e9d9,Central Maine Power Co,IOU,ME,New England ISO,New England ISO (Balancing Authority),Not Applicable,11496.8355,976340.779,541519.3864,454387,1821,46783,502991,1026666.825,6_moist,85,-70.01241328,44.47119098,0,350,Augusta,361.181,361.181
87,87,562958095457a3006b418740,Cheyenne Light Fuel & Power Co,IOU,WY,Black Hills Corp,WAPA Rocky Mountain Region,Not Applicable,957.2130462,70232.80061,34028.63308,37154,5,4971,42130,76207.51108,6_dry,87,-104.8651239,41.15179035,0,450,Cheyenne,58.831,58.831
89,89,53e235645257a31b1c319bdc,Citizens Electric Co,IOU,PA,PJM Interconnection,PJM Interconnection,Not Applicable,45.40336584,15358.46615,6239.161589,5827,12,1075,6914,16416.67599,5_moist,89,-76.9576924,40.9517865,0,350,Lewisburg,,323.2671756
90,90,nan,CLECO Power LLC,IOU,LA,Midcontinent ISO,Midcontinent ISO (Balancing Authority),Not Applicable,7304.330748,563481.7245,268881.7453,244297,574,41529,286400,637174.545,3_moist,90,-93.22281432,31.63660634,0,450,Pineville,,173.8611669
92,92,5717f6be5457a30647fc9aff,Cleveland Electric Illuminating Co (The),IOU,OH,PJM Interconnection,PJM Interconnection,Not Applicable,1554.999884,1268252.085,570128.2352,190465,63,16670,207198,1257528.771,5_moist,92,-81.17549283,41.59414881,0,350,Akron,243.838,243.838
93,93,539fb7baec4f024bc1dc0ed3,Columbus OH (City of),Muni,OH,PJM Interconnection,PJM Interconnection,American Municipal Power Inc,213.9802099,660873.4632,328819.0824,10314,418,2755,13487,695279.8523,5_moist,93,-82.98420439,39.98644599,0,350,Columbus,96.07,96.07
94,94,539f6ce9ec4f024411ecaf2d,Columbus Southern Power Co,IOU,OH,PJM Interconnection,PJM Interconnection,Not Applicable,3700.625914,661632.1209,711245.6631,-99,-99,-99,-99,1609445.974,5_moist,94,-83.14697288,39.1114297,0,400,Columbus,,323.2671756
97,97,5cc755b05457a39273e327dc,Commonwealth Edison Co,IOU,IL,PJM Interconnection,PJM Interconnection,Not Applicable,11476.54833,8901038.487,3720374.149,2388950,119,200918,2589987,9257299.897,5_moist,98,-88.47517055,40.83658619,0,400,Chicago,111.952,111.952
99,99,5b842b645457a3d708edfe02,Connecticut Light & Power Co (The),IOU,CT,New England ISO,New England ISO (Balancing Authority),Not Applicable,4388.951298,2498489.598,1101807.703,824059,1636,64250,889945,2631403.248,5_moist,100,-72.44900779,41.28506305,0,400,Berlin,251.972,251.972
101,101,5b96a8315457a3dd71f08eab,Consolidated Edison Co of New York Inc,IOU,NY,New York Independent System Operator Inc,New York ISO (Balancing Authority),Not Applicable,642.5538379,8785145.367,3684196.753,2211235,67,372504,2583808,8978641.214,4_moist,102,-73.94091988,40.64745667,0,400,New York,,323.2671756
103,103,539fbd59ec4f024c27d87aa3,Consolidated Water Power Co,IOU,WI,Midcontinent ISO,Midcontinent ISO (Balancing Authority),Not Applicable,37.12809026,4648.056541,2935.311577,86,5,18,109,6483.296736,6_moist,104,-89.70039076,44.41915961,0,350,Wisconsin Rapids,,323.2671756
104,104,5b8eedb05457a3cc4ffe082e,Consumers Energy Co,IOU,MI,Midcontinent ISO,Midcontinent ISO (Balancing Authority),Not Applicable,29476.8638,3984499.714,1898482.711,1594272,1450,221226,1816948,4086086.733,6_moist,105,-84.95562652,44.38872878,0,350,Jackson,436.818,436.818
106,106,5d2f7f925457a3d958bef217,CPS Energy,Muni,TX,ERCOT,ERCOT ISO (Balancing Authority),Not Applicable,1602.671526,1413539.167,676246.6784,725458,51,85607,811116,1749079.55,2_moist,107,-98.51668078,29.46185663,0,450,San Antonio,,118.9024814
108,108,539fca4dec4f024d2f53fa24,Dahlberg Light & Power Co,IOU,WI,Midcontinent ISO,Midcontinent ISO (Balancing Authority),Not Applicable,892.2517969,8639.586337,8167.952092,10373,41,1184,11598,10386.92918,7,109,-91.71126044,46.35197046,0,350,Solon Springs,,155.4287146
109,109,5ba16ea65457a31372d845cc,Dayton Power & Light Co (The),IOU,OH,Dayton Power & Light Co,PJM Interconnection,Not Applicable,3718.995164,1046501.1,478462.77,243696,314,19231,263242,1056506.25,5_moist,110,-83.85926054,39.52577254,0,400,Dayton,436.878,436.878
112,112,539f70f5ec4f024411ece055,Delmarva Power (Maryland),IOU,MD,PJM Interconnection,PJM Interconnection,Not Applicable,2796.045629,852916.2272,439071.8337,401588,156,40157,441901,947590.9343,4_moist,113,-75.89485512,38.87230805,0,400,Wilmington,100.98,100.98
113,113,5a8334ff5457a3a00e914212,Delmarva Power (Delaware),IOU,DE,PJM Interconnection,PJM Interconnection,Not Applicable,2796.045629,852916.2272,439071.8337,401588,156,40157,441901,947590.9343,4_moist,114,-75.54801448,39.19805917,0,400,Wilmington,121.839,121.839
114,114,5d25f7f05457a31a16dc131d,Denton County Electric Coop Inc,DistCoop,TX,ERCOT,ERCOT ISO (Balancing Authority),Not Applicable,1182.200127,533667.0955,346333.1262,205450,2229,14975,222654,908309.7147,3_moist,115,-97.08356222,33.21596065,0,450,Corinth,71.217,71.217
115,115,nan,Detroit Public Lighting,Muni,MI,Midcontinent ISO,Midcontinent ISO (Balancing Authority),Not Applicable,142.7623118,950246.6556,349015.5551,-99,-99,-99,-99,713610.9176,5_moist,116,-83.10524689,42.38460315,0,350,Detroit,,323.2671756
116,116,5b5b3a315457a3522c26b8f8,Dixie Electric Membership Corp,DistCoop,LA,Midcontinent ISO,Midcontinent ISO (Balancing Authority),Cajun Electric Power Coop,2975.587539,642369.8311,306792.0015,102193,566,7266,110025,747641.293,2_moist,117,-90.91861124,30.61237339,0,450,Baton Rouge,76.128,76.128
117,117,5b86e1ac5457a3ab438b4568,DTE Electric Co,IOU,MI,Midcontinent ISO,Midcontinent ISO (Balancing Authority),Not Applicable,7429.326876,3907536.828,1726052.832,1980906,822,203083,2184813,4009772.456,6_moist,118,-82.91200448,43.61467703,0,350,Detroit,339.861,339.861
119,119,nan,Duke Energy Carolinas,IOU,NC,Duke Energy Carolinas LLC,Duke Energy Carolinas LLC,Not Applicable,24801.21244,5673364.03,2975697.188,2181646,6240,369230,2557117,6706685.912,3_moist,120,-80.70121852,35.17052332,0,450,Charlotte,240,240
126,126,nan,Duke Energy Florida,IOU,FL,Progress Energy Florida,Duke Energy Florida Inc,Not Applicable,7159.816534,2734021.529,1655095.162,1573260,2137,199930,1775327,3393600.834,2_moist,127,-81.89137587,27.79375816,0,500,St Petersburg,91.803,91.803
128,128,5c3783455457a37b7d91e8cb,Duke Energy Indiana,IOU,IN,Midcontinent ISO,Midcontinent ISO (Balancing Authority),Not Applicable,5451.333176,1086475.71,588086.2448,714024,2718,102827,819569,1376370.492,5_moist,129,-86.61405506,39.5483419,0,400,Plainfield,160.584,160.584
131,131,5b05a6965457a32b390b0e3a,Duke Energy Kentucky,IOU,OH,PJM Interconnection,PJM Interconnection,Not Applicable,295.5890716,261406.6842,124389.4727,125795,365,15113,141273,286970.7188,4_moist,132,-84.55302836,38.9696587,0,400,Cincinnati,136.806,136.806
132,132,5994c4575457a36959e27213,Duke Energy Ohio,IOU,OH,PJM Interconnection,PJM Interconnection,Not Applicable,1829.361184,1436955.444,657758.2271,298767,517,24811,324095,1508434.213,5_moist,133,-84.31484923,39.40445024,0,400,Cincinnati,128.704,128.704
135,135,5ce566725457a3e252ebd8ad,Progress Energy Carolinas Inc (North Carolina),IOU,NC,Progress Energy Carolina,Duke Energy Progress East,Not Applicable,28314.35334,3664603.34,1985736.718,1320174,4103,234472,1558749,4407064.577,3_moist,136,-78.64086312,34.55053635,0,450,Raleigh,,173.8611669
137,137,5911fe5e5457a38c3880a116,Progress Energy Carolinas Inc (South Carolina),IOU,SC,Progress Energy Carolina,Duke Energy Progress East,Not Applicable,28314.35334,3664603.34,1985736.718,1320174,4103,234472,1558749,4407064.577,3_moist,138,-79.86148461,34.16197984,0,450,Raleigh,,173.8611669
142,142,5bac03a65457a34d61c4a515,Duquesne Light Co,IOU,PA,PJM Interconnection,PJM Interconnection,Not Applicable,812.3202257,1208577.338,559463.7658,372644,396,36326,409366,1145740.51,5_moist,143,-80.11959826,40.53702354,0,350,Pittsburgh,,323.2671756
143,143,5b75b5445457a38c43af0aea,El Paso Electric Co (New Mexico),IOU,NM,El Paso Electric Co,El Paso Electric,Arizona Nuclear Power Project,7674.89598,858875.1109,354118.8634,368044,48,47510,415602,1015591.648,3_dry,144,-106.2917472,32.78938827,0,500,El Paso,88.682,88.682
146,146,5988c2855457a3340487dd9f,El Paso Electric Co (Texas),IOU,TX,El Paso Electric Co,El Paso Electric,Arizona Nuclear Power Project,7674.89598,858875.1109,354118.8634,368044,48,47510,415602,1015591.648,3_dry,147,-105.8291967,31.49050345,0,550,El Paso,78.586,78.586
147,147,5cdc8b105457a31b7940c5d1,Emera Maine,IOU,ME,New England ISO,New England ISO (Balancing Authority),Not Applicable,4707.312049,183609.1133,109559.1176,124462,144,22009,146615,194504.4628,7,148,-68.37275561,45.61506158,0,350,Bangor,,155.4287146
149,149,539fc38fec4f024c27d8bd5f,Empire District Electric Co (Oklahoma),IOU,OK,Southwest Power Pool,Southwest Power Pool (Balancing Authority),Not Applicable,1833.73485,182238.1231,103320.5805,144718,351,26765,171834,230401.928,3_moist,150,-94.85245931,36.89253762,0,400,Joplin,147.021,147.021
150,150,539fc3c7ec4f024c27d8c00d,Empire District Electric Co (The),IOU,MO,Southwest Power Pool,Southwest Power Pool (Balancing Authority),Not Applicable,1833.73485,182238.1231,103320.5805,144718,351,26765,171834,230401.928,4_moist,151,-94.47326717,36.36791608,0,400,Joplin,161.288,161.288
151,151,59038c655457a3731acd3b42,Empire District Electric Co (Missouri),IOU,MO,Southwest Power Pool,Southwest Power Pool (Balancing Authority),Not Applicable,1833.73485,182238.1231,103320.5805,144718,351,26765,171834,230401.928,4_moist,152,-93.86073721,37.21661193,0,400,Joplin,161.288,161.288
152,152,539fca87ec4f024d2f53fcd6,Empire District Electric Co (Kansas),IOU,KS,Southwest Power Pool,Southwest Power Pool (Balancing Authority),Not Applicable,1833.73485,182238.1231,103320.5805,144718,351,26765,171834,230401.928,4_moist,153,-94.77969371,37.1263574,0,400,Joplin,104.772,104.772
153,153,5b2a99475457a3a408e5d862,EnergyUnited Electric Member Corp,DistCoop,NC,Duke Energy Carolinas LLC,Duke Energy Carolinas LLC,North Carolina Electric Membership Corp,2953.588914,506449.3287,271940.19,110515,33,17708,128256,619840.9805,3_moist,154,-80.98178202,35.38898694,0,450,Statesville,174.191,174.191
155,155,5a592aa15457a34b68423a7d,Entergy Arkansas Inc (Arkansas),IOU,AR,Midcontinent ISO,Midcontinent ISO (Balancing Authority),Not Applicable,42254.84019,2880756.554,1356632.826,591113,23426,94323,708863,3031881.704,3_moist,158,-91.89426217,33.69871467,0,450,Little Rock,255.229,255.229
156,156,53ebbc955257a3cc666fb30e,Entergy Arkansas Inc,IOU,TN,Midcontinent ISO,Midcontinent ISO (Balancing Authority),Not Applicable,42254.84019,2880756.554,1356632.826,591113,23426,94323,708863,3031881.704,3_moist,159,-89.84413372,35.30210028,0,400,Little Rock,,173.8611669
159,159,5be9b85d5457a30c330174a9,Entergy Gulf States Louisiana LLC,IOU,LA,Entergy Services Inc,Midcontinent ISO (Balancing Authority),Not Applicable,5651.999506,510174.289,235971.8929,-99,-99,-99,-99,556392.7567,2_moist,162,-92.79432856,30.01997448,0,450,New Orleans,,118.9024814
160,160,5ccb570f5457a3a748e327df,Entergy Louisiana Inc,IOU,LA,Midcontinent ISO,Midcontinent ISO (Balancing Authority),Not Applicable,21743.61336,1500583.494,647903.3707,928758,10918,138869,1078545,1523335.83,2_moist,163,-89.51280689,29.11514235,0,500,Jefferson,262.482,262.482
164,164,5a621aac5457a32139e429cd,Entergy Mississippi Inc,IOU,MS,Midcontinent ISO,Midcontinent ISO (Balancing Authority),Not Applicable,6632.464817,729259.3,337601.67,375747,3750,69571,449068,810667.22,3_moist,167,-90.30130156,32.7542845,0,450,Jackson,261.638,261.638
166,166,58fa49925457a33535156660,Entergy New Orleans Inc,IOU,LA,Midcontinent ISO,Midcontinent ISO (Balancing Authority),Not Applicable,105.2246508,468910.8411,200723.4921,179633,2106,18397,200137,361952.5101,2_moist,169,-90.03122735,29.97451707,0,450,New Orleans,143.121,143.121
167,167,55157ff85357a3f55c84f75b,Fitchburg Gas & Electric Light Co,IOU,MA,New England ISO,New England ISO (Balancing Authority),Not Applicable,112.8311825,60465.92529,25837.01455,17568,5,2974,20547,62433.39955,5_moist,171,-71.76323525,42.63113667,0,350,Fitchburg,67.387,67.387
168,168,5a5e502e5457a3aa62e429cf,Florida Power & Light Co,IOU,FL,Florida Power & Light Co,Florida Power & Light,Not Applicable,15315.25886,7792401.506,4334013.452,4338224,11654,551967,4901846,9024767.742,2_moist,172,-81.41255024,27.04456125,0,500,Juno Beach,86.955,86.955
172,172,539fc434ec4f024c27d8c431,Florida Public Utilities Co,IOU,FL,Gulf Power Co,Southern Co Services Inc,Not Applicable,1157.717663,53376.23041,28191.68725,24574,2,7462,32038,57167.543,2_moist,176,-85.02698906,30.53756488,0,450,West Palm Beach,,118.9024814
173,173,5ae3511b5457a3f9599b4e70,Georgia Power Co,IOU,GA,Georgia Power Co,Southern Co Services Inc,Not Applicable,17406.44821,4271913.341,2130625.962,2173557,10627,317288,2501473,4893307.949,3_moist,177,-83.51096734,32.87284536,0,450,Atlanta,117.734,117.734
178,178,539f6ce9ec4f024411ecaf3b,Granite State Electric Co,IOU,NH,New England ISO,New England ISO (Balancing Authority),Not Applicable,779.1480256,0,0,31920,127,5017,37064,0,6_moist,183,-72.15728637,43.64743631,0,350,Lebanon,,323.2671756
180,180,539f6c58ec4f024411eca83f,Grayson Collin Electric Coop Inc,DistCoop,TX,ERCOT,ERCOT ISO (Balancing Authority),Rayburn Country Electric Coop Inc,1723.059483,478571.7474,257931.5756,47433,0,2954,50387,649686.6303,3_moist,185,-96.6152734,33.4374442,0,450,Van Alstyne,,173.8611669
181,181,53adc4cd5257a3b701dcddbd,Great Lakes Energy Coop,DistCoop,MI,Wolverine Power Supply Coop Inc,Midcontinent ISO (Balancing Authority),Wolverine Power Supply Coop Inc,9482.153511,618476.168,348122.3471,113765,335,10522,124622,667135.3504,6_moist,186,-85.27409621,44.43621978,0,350,Boyne City,268.151,268.151
182,182,5903adb35457a3f318cd3b48,Green Mountain Power Corp,IOU,VT,New England ISO,New England ISO (Balancing Authority),Not Applicable,5953.971434,143201.48,223212.8579,221420,66,42410,263896,428033.4426,6_moist,188,-72.79971362,43.73983141,0,350,Colchester,,323.2671756
184,184,5c3f64c55457a3954a1482c4,Gulf Power Co,IOU,FL,Gulf Power Co,Southern Co Services Inc,Not Applicable,7558.301515,804396.8,456604.8826,401793,255,57001,459049,891590.109,2_moist,190,-85.6688518,30.10526491,0,500,Pensacola,81.461,81.461
185,185,5bc433815457a3577f135b4d,Hawaii Electric Light Co Inc,IOU,HI,Hawaiian Electric Co Inc,Hawaiian Electric Co,Not Applicable,4041.614632,148676.9906,82103.44582,72494,88,12809,85391,184615.9967,1_moist,192,-155.53821,19.65319429,0,500,Hilo,83.14,83.14
192,192,5d430c5a5457a3be02dc8c3d,Hawaiian Electric Co Inc,IOU,HI,Hawaiian Electric Co Inc,Hawaiian Electric Co,Not Applicable,609.1725124,876120.7217,332662.7208,271065,430,33453,304948,944196.0054,1_moist,199,-158.0164092,21.51030368,0,500,Honolulu,83.14,83.14
196,196,539f761cec4f024411ed1bcd,Heart of Texas Electric Coop,Coop,TX,ERCOT,ERCOT ISO (Balancing Authority),Brazos Electric Power Coop,7712.04657,610715.8804,287481.4286,16157,47,5113,21317,706520.0215,3_moist,203,-98.11072192,31.70477966,0,450,Mcgregor,99.574,99.574
197,197,5a74d1345457a3ce05735a4f,Idaho Power Co,IOU,ID,Idaho Power Co,Idaho Power Co,Northern Tier Transmission Group,28532.58346,810968.5999,407957.0869,448799,20940,69850,539589,997982.9384,6_dry,205,-113.7091309,43.22179104,0,450,Boise City,116.129,116.129
199,199,557f15c95457a3e8436c88a3,Idaho Power Co (Oregon),IOU,OR,Idaho Power Co,Idaho Power Co,Northern Tier Transmission Group,28532.58346,810968.5999,407957.0869,448799,20940,69850,539589,997982.9384,5_dry,207,-117.5606234,43.64061655,0,450,Boise City,192.063,192.063
205,205,5bbbb5965457a3ae28135b50,Indiana Michigan Power Co (Michigan),IOU,MI,PJM Interconnection,PJM Interconnection,Not Applicable,4568.876925,1101090.43,495232.68,514523,4923,72538,591984,1111871.53,5_moist,213,-86.12744263,42.01614994,0,350,Fort Wayne,236.995,236.995
206,206,539fb8c2ec4f024bc1dc1b2b,Indiana Michigan Power Co (Indiana),IOU,IN,PJM Interconnection,PJM Interconnection,Not Applicable,4568.876925,1101090.43,495232.68,514523,4923,72538,591984,1111871.53,5_moist,214,-85.46856923,40.81886453,0,350,Fort Wayne,204.275,204.275
207,207,5c5231c85457a3b97606d70a,Indianapolis Power & Light,IOU,IN,Midcontinent ISO,Midcontinent ISO (Balancing Authority),Not Applicable,526.5559465,939712.12,464641.35,437120,4841,49386,491347,1024239.96,5_moist,215,-86.21822722,39.70619379,0,400,Indianapolis City (B,174.549,174.549
209,209,539fb412ec4f024bc1dbe541,Interstate Power & Light Co,IOU,IA,Midcontinent ISO,Midcontinent ISO (Balancing Authority),Not Applicable,9366.173034,724087.5718,360043.0693,403160,1501,84944,489605,791547.2725,6_moist,217,-94.25905913,42.34644903,0,400,Cedar Rapids,,323.2671756
213,213,5c3e27b55457a3bb531482c7,JEA,Muni,FL,JEA,JEA,Not Applicable,1098.644938,912853.8824,464252.8448,407957,199,55959,464116,1054341.575,2_moist,221,-81.6835697,30.27018843,0,450,Jacksonville,,118.9024814
214,214,5b9be5db5457a39368f08eac,Jersey Central Power & Light Co,IOU,NJ,PJM Interconnection,PJM Interconnection,Not Applicable,3192.850538,2315888.22,1001362.3,791309,1028,78907,871244,2452853.09,5_moist,222,-74.59696432,40.2294839,0,400,Morristown,294.964,294.964
218,218,58ff73885457a33739cd3b45,Kansas City Power & Light Co (Missouri),IOU,MO,Southwest Power Pool,Southwest Power Pool (Balancing Authority),Not Applicable,4897.103594,1067621.873,527977.703,476488,1888,61031,539408,1172629.232,5_moist,226,-92.95994727,39.50492095,0,400,Kansas City,,323.2671756
220,220,58ffaad05457a3e254cd3b48,Kansas City Power & Light Co (Kansas),IOU,KS,Southwest Power Pool,Southwest Power Pool (Balancing Authority),Not Applicable,4897.103594,1067621.873,527977.703,476488,1888,61031,539408,1172629.232,4_moist,228,-95.05123465,38.59927994,0,400,Kansas City,,323.2671756
221,221,nan,Kansas Gas & Electric Co,IOU,KS,Southwest Power Pool,Southwest Power Pool (Balancing Authority),Not Applicable,3427.748489,569294.6019,270714.748,287662,3392,37030,328084,627468.184,4_moist,229,-97.21960648,37.70451913,0,450,Wichita,,323.2671756
223,223,590245435457a3ff60cd3b42,KCP&L Greater Missouri Operations Co,IOU,MO,Southwest Power Pool,Southwest Power Pool (Balancing Authority),Not Applicable,2332.48851,355695.57,169843.5906,283563,248,39659,323470,400064.0628,5_moist,231,-94.54789046,40.07858193,0,400,Kansas City,,323.2671756
225,225,58c9a0ca5457a3936fa6d668,Kentucky Power Co,IOU,KY,PJM Interconnection,PJM Interconnection,Not Applicable,3785.231751,312391.77,138256.83,135890,1154,30555,167599,306442.08,4_moist,233,-82.8860812,37.60537309,0,400,Ashland,205.017,205.017
227,227,5c3cd3085457a35f2b1482c6,Kentucky Utilities Co,IOU,KY,Louisville Gas & Electric Co,LG&E & KU Services Co,Not Applicable,4740.732191,666840.1972,357013.0433,452920,2736,94980,550636,804002.0334,4_moist,235,-85.246472,37.61431861,0,400,Louisville,107.498,107.498
228,228,5c3cd3085457a35f2b1482c6,Kentucky Utilities Co (Virginia),IOU,KY,Louisville Gas & Electric Co,LG&E & KU Services Co,Not Applicable,4740.732191,666840.1972,357013.0433,452920,2736,94980,550636,804002.0334,4_moist,236,-82.82614261,36.85068603,0,400,Louisville,99.454449,99.454449
231,231,539fc795ec4f024d2f53dd78,Kingsport Power Co,IOU,TN,PJM Interconnection,PJM Interconnection,Not Applicable,53.50988485,15929.77737,8539.317589,41710,163,5967,47840,18526.72531,4_moist,239,-82.68985505,36.55007496,0,400,Kingsport,,323.2671756
232,232,nan,Liberty Utilities,IOU,CA,California ISO,California Independent System Operator (Balancing Authority),Not Applicable,1464.127802,72631.79,32750.16,-99,-99,-99,-99,78837.67,3_dry,240,-120.1079126,39.18928838,0,500,South Lake Tahoe,140.71284,140.71284
238,238,53b1711b5257a3ce52ce10da,Lockhart Power Co,IOU,SC,Duke Energy Carolinas LLC,Duke Energy Carolinas LLC,Not Applicable,191.3461888,7392.009831,4961.714489,4925,10,1248,6183,10343.34603,3_moist,248,-81.68046554,34.7286687,0,450,Lockhart,,173.8611669
239,239,5d682ffe5457a3fb3bc68cdc,Long Island Power Authority,State,NY,New York Independent System Operator Inc,New York ISO (Balancing Authority),Not Applicable,1209.878266,2724111.702,971872.8216,1008452,0,115173,1123626,2700593.568,4_moist,249,-73.05794287,40.80016202,0,400,Uniondale,,323.2671756
241,241,5cd304535457a30e7954e9d3,Los Angeles Dept of Water & Power,Muni,CA,Los Angeles Dept of Water & Power,Los Angeles Dept of Water & Power,Not Applicable,2312.006619,3953249.89,1553839.11,1329968,9168,87727,1426865,4063392.65,3_dry,251,-118.4077441,34.11813912,0,500,Los Angeles,157.27711,157.27711
246,246,5c3e09ca5457a38e471482c5,Louisville Gas & Electric Co,IOU,KY,Louisville Gas & Electric Co,LG&E & KU Services Co,Not Applicable,737.1892328,754985.305,365798.782,359658,573,48507,408738,818610.8025,4_moist,256,-85.67181016,38.17507557,0,400,Louisville,105.91655,105.91655
247,247,5b0ef75e5457a3dd48733308,Madison Gas & Electric Co,IOU,WI,Midcontinent ISO,Midcontinent ISO (Balancing Authority),Not Applicable,249.6414759,267796.9002,136738.7733,132091,40,20470,152601,296206.9281,6_moist,257,-89.46632757,43.10173654,0,350,Madison,108.40176,108.40176
248,248,5cd5ba405457a3201754e9d2,Massachusetts Electric Co,IOU,MA,New England ISO,New England ISO (Balancing Authority),Not Applicable,3749.576994,2758571.61,1173013.338,675961,1563,77590,755114,2852864.285,5_moist,258,-71.89820176,42.33028756,0,350,Westborough,,323.2671756
249,249,55e87a6d5457a3a5728e8004,Maui Electric Co Ltd,IOU,HI,Hawaiian Electric Co Inc,Hawaiian Electric Co,Not Applicable,1162.642879,128085.7913,69124.48878,60618,138,10271,71027,152702.4342,1_moist,259,-156.4814378,20.83873776,0,500,Honolulu,109.58984,109.58984
255,255,592601f75457a3b126de90e1,Montana-Dakota Utilities Co (Wyoming),IOU,WY,Southwest Power Pool,Southwest Power Pool (Balancing Authority),Not Applicable,20388.10563,189058.5704,98110.49479,118379,242,24280,142901,212597.9428,6_dry,265,-107.0693301,44.75799509,0,400,Bismarck,,323.2671756
256,256,5925a00d5457a3e47dde90e0,Montana-Dakota Utilities Co (North Dakota),IOU,ND,Southwest Power Pool,Southwest Power Pool (Balancing Authority),Not Applicable,20388.10563,189058.5704,98110.49479,118379,242,24280,142901,212597.9428,6_moist,266,-103.2063674,46.26625387,0,400,Bismarck,,323.2671756
257,257,59b942435457a3847b42da66,Montana-Dakota Utilities Co (Montana),IOU,MT,Southwest Power Pool,Southwest Power Pool (Balancing Authority),Not Applicable,20388.10563,189058.5704,98110.49479,118379,242,24280,142901,212597.9428,6_dry,267,-104.9918191,46.54201912,0,400,Bismarck,,323.2671756
258,258,5925efa75457a3a825de90e1,Montana-Dakota Utilities Co (South Dakota),IOU,SD,Southwest Power Pool,Southwest Power Pool (Balancing Authority),Not Applicable,20388.10563,189058.5704,98110.49479,118379,242,24280,142901,212597.9428,6_moist,268,-100.4568543,45.23024178,0,400,Bismarck,,323.2671756
264,264,5baa7ea55457a37b05c4a516,Metropolitan Edison Co,IOU,PA,PJM Interconnection,PJM Interconnection,Not Applicable,2943.774415,1109988.882,514367.0146,326395,63,35524,361982,1253997.688,5_moist,275,-77.21800902,39.83135864,0,400,Reading,163.47208,163.47208
268,268,539fc9eaec4f024d2f53f672,Mid South Electric Coop Association,DistCoop,TX,ERCOT,ERCOT ISO (Balancing Authority),Brazos Electric Power Coop,3675.112904,419417.8383,233573.1382,26457,14,3485,29956,603299.2104,2_moist,279,-95.79121301,30.58719743,0,450,Navasota,,118.9024814
269,269,55b91a455457a34427995e8c,MidAmerican Energy Co,IOU,IA,Midcontinent ISO,Midcontinent ISO (Balancing Authority),Not Applicable,9841.96382,1313902.049,603275.3152,661688,1816,106512,770016,1404673.443,6_moist,280,-96.46714927,43.11184321,0,400,Des Moines,111.11111,111.11111
276,276,5af1ecd65457a34831618be7,Mississippi Power Co,IOU,MS,Mississippi Power Co,Southern Co Services Inc,Not Applicable,1140.183742,304281.95,140970.25,153154,450,33990,187594,308059.56,3_moist,287,-89.06978758,31.7741773,0,450,Gulfport,136.18333,136.18333
278,278,5c3f51305457a30e181482c4,Monongahela Power Co,IOU,WV,PJM Interconnection,PJM Interconnection,Not Applicable,15585.3211,905580.6423,464896.3124,332345,7115,51346,390806,967888.3363,5_moist,289,-79.68119051,38.38990949,0,400,Fairmont,250.16832,250.16832
282,282,5509b2d35357a357594ccb9f,Nantucket Electric Co,IOU,MA,New England ISO,New England ISO (Balancing Authority),Not Applicable,59.94701608,9114.945399,11617.79923,3362,2,452,3816,10171.92356,5_moist,293,-70.0674679,41.28253603,0,350,Westborough,,323.2671756
283,283,5bb4ed9d5457a3e32868a129,Narragansett Electric Co,IOU,RI,New England ISO,New England ISO (Balancing Authority),Not Applicable,1085.014431,1041484.002,459119.9554,377572,1214,43377,422163,1045863.496,5_moist,294,-71.55572366,41.67983387,0,350,Providence,169.28418,169.28418
284,284,5d66e3c45457a3a851c68ce1,Nashville Electric Service,Muni,TN,Tennessee Valley Authority,Tennessee Valley Authority,Tennessee Valley Authority,795.5758488,657643.211,332190.7305,351899,63,42743,394705,750091.5501,4_moist,295,-86.81237513,36.17201519,0,400,Nashville,148.27467,148.27467
285,285,5a70c5065457a39121735a4f,Nevada Power Co,IOU,NV,Nevada Power Co,Nevada Power Co,Not Applicable,4571.303557,1338434.997,818837.485,910294,1593,106433,1018321,1906869.306,3_dry,296,-115.3570191,36.0807589,0,500,Las Vegas,87.695652,87.695652
288,288,5ba3fb2c5457a3ff76d845cf,New York State Electric & Gas Corp,IOU,NY,New York State Electric & Gas Corp,New York ISO (Balancing Authority),Not Applicable,16465.6491,1781268.193,831799.9623,622558,687,74565,697811,1810421.047,6_moist,299,-75.47472609,42.82824605,0,350,Ithaca,,323.2671756
292,292,5b982d4c5457a3fb31f08eab,Niagara Mohawk Power Corp,IOU,NY,New York Independent System Operator Inc,New York ISO (Balancing Authority),Not Applicable,24334.88539,3555581.364,1650994.997,1243100,556,105040,1348697,3560154.627,6_moist,303,-75.19086869,43.67343761,0,350,Syracuse,218.11409,218.11409
295,295,5c5a06a65457a30371de39de,Northern Indiana Public Service Co,IOU,IN,Midcontinent ISO,Midcontinent ISO (Balancing Authority),Not Applicable,2734.454584,889442.89,398030.09,409401,2313,56875,468590,951951.19,5_moist,306,-86.60377342,41.39195689,0,350,Hammond,227.07147,227.07147
296,296,59249d3a5457a33d61de90e3,Northern States Power Co - Minnesota (South Dakota),IOU,SD,Midcontinent ISO,Midcontinent ISO (Balancing Authority),Not Applicable,8861.391468,2846889.555,1373098.256,1302326,551,163516,1466394,3242288.12,6_moist,307,-97.33241235,43.66721181,0,400,Minneapolis,238.59135,238.59135
298,298,5c51d65e5457a3e55b06d708,Northern States Power Co (Minnesota),IOU,MN,Midcontinent ISO,Midcontinent ISO (Balancing Authority),Not Applicable,8861.391468,2846889.555,1373098.256,1302326,551,163516,1466394,3242288.12,7,309,-96.51650025,46.92632637,0,350,Minneapolis,145.27188,145.27188
300,300,592486d55457a34124de90e0,Northern States Power Co - Minnesota (North Dakota),IOU,ND,Midcontinent ISO,Midcontinent ISO (Balancing Authority),Not Applicable,8861.391468,2846889.555,1373098.256,1302326,551,163516,1466394,3242288.12,7,311,-96.90533582,46.89563518,0,350,Minneapolis,208.02078,208.02078
302,302,5ada5dda5457a3b27bb0ce24,Northern States Power Co (Wisconsin),IOU,WI,Midcontinent ISO,Midcontinent ISO (Balancing Authority),Not Applicable,9175.884087,466953.84,235746.9298,216796,122,40723,257641,496752.4032,7,313,-90.7408641,46.1201924,0,350,Eau Claire,209.95192,209.95192
304,304,539f6accec4f024411ec9493,Northern States Power Co - Wisconsin (Michigan),IOU,MI,Midcontinent ISO,Midcontinent ISO (Balancing Authority),Not Applicable,9175.884087,466953.84,235746.9298,216796,122,40723,257641,496752.4032,7,315,-89.79833826,46.49350304,0,350,Eau Claire,155.33824,155.33824
305,305,59c3e4ac5457a36e1dbbb27c,NorthWestern Corp,IOU,MT,NorthWestern Energy,Northwestern Energy,Northern Tier Transmission Group,32774.67681,489809.5682,277513.8881,-99,-99,-99,-99,577288.1067,7,316,-110.6039453,44.48090762,0,400,Sioux Falls,,155.4287146
315,315,539fc47eec4f024c27d8c765,Northwestern Wisconsin Electric Co,IOU,WI,Midcontinent ISO,Midcontinent ISO (Balancing Authority),Not Applicable,931.7363152,19947.63286,17665.16789,10215,25,1548,11788,20576.6084,7,326,-92.38866595,45.89324162,0,350,Grantsburg,,155.4287146
317,317,5cd343a85457a3f73d54e9d9,NSTAR Co dba Eversource Energy,IOU,MA,New England ISO,New England ISO (Balancing Authority),Not Applicable,1738.233992,2228095.453,1046705.708,618193,493,82538,701224,2288042.315,5_moist,328,-70.84955626,41.93874206,0,350,Boston,246.13309,246.13309
318,318,5b9c2e435457a34b69f08eaa,Ohio Edison Co,IOU,OH,PJM Interconnection,PJM Interconnection,Not Applicable,5763.107153,2207856.678,989214.3047,315673,224,31809,347706,2244554.559,5_moist,329,-83.34016653,39.74692749,0,400,Akron,176.30713,176.30713
320,320,5bb506bb5457a35a2168a12c,Ohio Power Co,IOU,OH,PJM Interconnection,PJM Interconnection,Not Applicable,10795.86012,1232319.09,564708.83,860103,4080,84643,948826,1273636.19,5_moist,333,-80.65191996,39.92179271,0,350,Columbus,176.30713,176.30713
321,321,5aac0da25457a324052e6281,Oklahoma Gas & Electric Co,IOU,OK,Southwest Power Pool,Southwest Power Pool (Balancing Authority),Not Applicable,27848.15768,1992374.1,965036.45,716425,9230,112597,838252,2200738.33,3_moist,336,-97.58266141,35.69496154,0,450,Oklahoma City,,173.8611669
323,323,5b7dd9e35457a330370a2ad2,Oklahoma Gas & Electric Co (Arkansas),IOU,AR,Southwest Power Pool,Southwest Power Pool (Balancing Authority),Not Applicable,27848.15768,1992374.1,965036.45,716425,9230,112597,838252,2200738.33,3_moist,338,-93.88489802,35.42244329,0,400,Oklahoma City,,173.8611669
325,325,559409ba5457a3dc34ce826d,Orange & Rockland Utilities Inc,IOU,NY,New York Independent System Operator Inc,New York ISO (Balancing Authority),Not Applicable,1043.431934,526773.2266,203714.646,132675,50,17103,149828,577263.3697,6_moist,340,-74.62697474,41.55312083,0,350,Pearl River,,323.2671756
327,327,53bc18695257a36c34b21337,Otter Tail Power Co,IOU,MN,Midcontinent ISO,Midcontinent ISO (Balancing Authority),Not Applicable,9013.655871,100302.3101,62882.19902,102901,13,28133,131047,123682.3142,7,342,-95.97196631,47.13127112,0,350,Fergus Falls,90.026549,90.026549
329,329,5b85af925457a30744edfe01,Otter Tail Power Co (North Dakota),IOU,ND,Midcontinent ISO,Midcontinent ISO (Balancing Authority),Not Applicable,9013.655871,100302.3101,62882.19902,102901,13,28133,131047,123682.3142,7,344,-99.35994016,47.81507555,0,350,Fergus Falls,74.088435,74.088435
331,331,539fb4e1ec4f024bc1dbee27,Otter Tail Power Co (South Dakota),IOU,SD,Midcontinent ISO,Midcontinent ISO (Balancing Authority),Not Applicable,9013.655871,100302.3101,62882.19902,102901,13,28133,131047,123682.3142,6_moist,346,-96.94449729,45.00512746,0,350,Fergus Falls,207.42398,207.42398
332,332,5cbf7e1b5457a3d119671083,Pacific Gas & Electric Co,IOU,CA,California ISO,California Independent System Operator (Balancing Authority),Not Applicable,67282.91976,10667017.15,4427940.139,3998187,90987,457098,4546272,11787636.99,3_marine,347,-121.1887006,36.3831291,0,500,San Francisco,754.93036,754.93036
344,344,5d013c675457a3df26557795,PacifiCorp (Utah),IOU,UT,PacifiCorp East,PacifiCorp East,Northern Tier Transmission Group,139765.7051,3339543.49,1536245.056,1622276,33200,211846,1867324,3962749.451,3_dry,363,-113.2315969,37.3069718,0,500,Portland,141.21238,141.21238
347,347,591f664d5457a36151effbbe,PacifiCorp (Idaho),IOU,ID,PacifiCorp East,PacifiCorp East,Northern Tier Transmission Group,139765.7051,3339543.49,1536245.056,1622276,33200,211846,1867324,3962749.451,6_dry,366,-112.2843794,42.66753349,0,450,Portland,107.91729,107.91729
348,348,591f664d5457a36151effbbe,PacifiCorp,IOU,CA,PacifiCorp East,PacifiCorp East,Northern Tier Transmission Group,139765.7051,3339543.49,1536245.056,1622276,33200,211846,1867324,3962749.451,3_dry,367,-122.2505444,41.03339449,0,450,Portland,193.45866,193.45866
351,351,59b1a8765457a3f04217eedc,PacifiCorp (Oregon),IOU,OR,PacifiCorp East,PacifiCorp East,Northern Tier Transmission Group,139765.7051,3339543.49,1536245.056,1622276,33200,211846,1867324,3962749.451,5_dry,370,-121.4426493,42.40215906,0,450,Portland,284.98011,284.98011
355,355,5cf547775457a3807526c07d,PacifiCorp (Wyoming),IOU,WY,PacifiCorp East,PacifiCorp East,Northern Tier Transmission Group,139765.7051,3339543.49,1536245.056,1622276,33200,211846,1867324,3962749.451,7,374,-110.1184358,42.18919456,0,450,Portland,106.69837,106.69837
362,362,58caba455457a3d131a6d668,PacifiCorp (Washington),IOU,WA,PacifiCorp East,PacifiCorp East,Northern Tier Transmission Group,139765.7051,3339543.49,1536245.056,1622276,33200,211846,1867324,3962749.451,5_dry,381,-119.5977082,46.41863239,0,400,Portland,125.92263,125.92263
375,375,5ba929e65457a3f05fc4a515,PECO Energy Co,IOU,PA,PJM Interconnection,PJM Interconnection,Not Applicable,1895.44156,3660710.455,1577444.392,966644,279,81288,1048211,3806873.456,4_moist,394,-75.55257943,39.94655942,0,400,Philadelphia,190.51724,190.51724
377,377,5baa61315457a37b05c4a515,Pennsylvania Electric Co,IOU,PA,PJM Interconnection,PJM Interconnection,Not Applicable,17429.58329,1480841.64,691143.2481,349993,82,48679,398754,1462356.836,6_moist,396,-77.53978929,41.58891752,0,350,Akron,190.51724,190.51724
379,379,5baa61315457a37b05c4a515,Pennsylvania Power Co,IOU,PA,PJM Interconnection,PJM Interconnection,Not Applicable,1474.824444,337891.2307,153900.3708,104396,20,11466,115882,349185.5789,5_moist,398,-80.27237131,41.13002944,0,350,New Castle,190.51724,190.51724
380,380,53adc0f55257a32f7edcddc3,Pike County Light & Power Co,IOU,NY,New York Independent System Operator Inc,New York ISO (Balancing Authority),Not Applicable,51.42352771,5877.57,4061.988175,2132,0,597,2729,8624.64447,5_moist,399,-74.79698814,41.36684392,0,350,New York,,323.2671756
381,381,5cc2067f5457a3d73f67107d,Portland General Electric Co,IOU,OR,Portland General Electric Co,Portland General Electric,Northern Tier Transmission Group,4105.553195,1659499.15,790347.83,762211,3216,104345,869773,1899445.13,4_marine,400,-121.8182898,45.0012872,0,400,Portland,180.28169,180.28169
384,384,5bb515515457a3f55e68a12b,Potomac Edison Co (The),IOU,MD,PJM Interconnection,PJM Interconnection,Not Applicable,2523.339254,511129.67,236968.3485,329073,3311,37648,370032,593883.0064,4_moist,403,-77.43997821,39.46856955,0,400,Hagerstown,276.62271,276.62271
387,387,5ada45bf5457a31b0cb0ce24,Potomac Electric Power Co,IOU,MD,PJM Interconnection,PJM Interconnection,Not Applicable,652.372782,1917240.389,858393.2142,639480,3,44104,683587,2052885.118,4_moist,406,-77.02910677,38.97610312,0,400,Washington,276.62271,276.62271
389,389,5a4ffa535457a34656fc3f66,PPL Electric Utilities Corp,IOU,PA,PJM Interconnection,PJM Interconnection,Not Applicable,10241.23352,2681781.39,1265565.891,707518,1103,80952,789573,2896000.112,5_moist,408,-76.15372095,39.87602554,0,400,Allentown,173.75,173.75
393,393,5ca382645457a3ef03b3d45e,Public Service Co of Colorado,IOU,CO,Public Service Co of Colorado,Public Service Co of Colorado,Not Applicable,15629.21112,2526385.25,1209951.337,1244432,339,214345,1459117,2751457.604,7,413,-106.3658563,37.61582232,0,500,Denver,194.28571,194.28571
402,402,5988a1f25457a3e17f87dd9c,Public Service Co of New Hampshire,IOU,NH,New England ISO,New England ISO (Balancing Authority),Not Applicable,5393.602381,882709.5345,425176.7854,331614,1576,46439,379629,948081.3705,6_moist,422,-71.52145305,43.87642006,0,350,Manchester,191.82122,191.82122
405,405,5cc092cc5457a3670c67107d,Public Service Co of New Mexico,IOU,NM,Public Service Co of New Mexico,Public Service Co of New Mexico,Arizona Nuclear Power Project,3292.338783,815929.7329,408996.2787,464386,244,57354,521984,909173.1562,3_dry,425,-105.7297501,33.35498447,0,500,Albuquerque,123.65721,123.65721
411,411,5c38d0f85457a3470c91e8ca,Public Service Co of Oklahoma,IOU,OK,Southwest Power Pool,Southwest Power Pool (Balancing Authority),Not Applicable,4604.181694,765686.3942,378249.1206,472622,6201,71199,550022,843433.672,3_moist,431,-99.88136625,35.09607705,0,500,Tulsa,110.631,110.631
414,414,5b9956215457a33317f08eaa,Public Service Electric & Gas Co,IOU,NJ,PJM Interconnection,PJM Interconnection,Not Applicable,1414.921739,4772890.88,1938958.26,1709514,6060,230336,1945910,4989973.05,5_moist,434,-74.64853536,40.22682138,0,400,Newark,135.20988,135.20988
418,418,5d1a735b5457a38d24a745b6,PUD No 1 of Snohomish County,PSubdiv,WA,Bonneville Power Administration,Bonneville Power Administration,Not Applicable,2146.94049,619462.0623,295168.5669,314934,81,31579,346594,729054.7149,4_marine,438,-120.9909683,48.0958909,0,350,Everett,,323.2671756
422,422,5bef4f8390065c59cf04d9ca,Puget Sound Energy Inc,IOU,WA,Puget Sound Energy Inc,Puget Sound Energy Inc,Not Applicable,9289.097738,2315190.04,1029082.84,998078,3399,133542,1135020,2451840.28,5_dry,442,-120.6825758,47.00771476,0,400,Bellevue,350.31847,350.31847
428,428,59bbedc45457a30c0b42da66,Rochester Gas & Electric Corp,IOU,NY,New York Independent System Operator Inc,New York ISO (Balancing Authority),Not Applicable,2024.010167,843605.6355,376249.1067,279183,294,22538,302015,857869.6956,6_moist,448,-78.11812038,42.31845632,0,350,Rochester,,323.2671756
430,430,5bc79e255457a3ee6b3b43ed,Rockland Electric Co,IOU,NY,PJM Interconnection,PJM Interconnection,Not Applicable,224.2116779,199345.46,74208.04648,58977,10,7567,66554,203015.9025,5_moist,450,-74.24808771,41.07532862,0,350,Pearl River,,323.2671756
431,431,5c48a39d5457a3770742792d,Sacramento Municipal Utility District,PSubdiv,CA,Bonneville Power Administration,Bonneville Power Administration,Not Applicable,931.9951653,1220304.88,554443.97,552678,2586,67509,622774,1416017.47,3_dry,451,-121.3180642,38.477846,0,500,Sacramento,,112.0382664
432,432,5cf924945457a3324e26c07d,Salt River Project,PSubdiv,AZ,Salt River Project,Salt River Project,Not Applicable,2809.756787,1870547.829,971529.0637,942690,49,102106,1044846,2346487.327,2_dry,452,-111.6593555,33.49208358,0,550,Tempe,63.111396,63.111396
434,434,5a4fe0b35457a33548fc3f66,San Diego Gas & Electric Co,IOU,CA,San Diego Gas & Electric Co,California Independent System Operator (Balancing Authority),Not Applicable,4087.133442,3111413.98,1299188.79,1280264,444,153311,1434025,3436754.423,3_dry,454,-117.1389505,33.0980465,0,500,San Diego,192.42567,192.42567
437,437,5c62f9455457a3d637175f0c,Seattle City Light,Muni,WA,Seattle City Light,Seattle City Light,Not Applicable,116.158933,564051.33,337523.72,403888,202,50402,454496,676593.3,4_marine,457,-122.3233997,47.64104407,0,300,Seattle,,323.2671756
438,438,53e4dcaa5257a32654b5aa50,Sierra Pacific Power Co,IOU,NV,Sierra Pacific Power Co,Nevada Power Co,Not Applicable,40972.85745,594430.25,331891.1059,294966,114,47024,342104,702861.6668,5_dry,458,-118.1240408,39.32268934,0,500,Reno,110.13953,110.13953
442,442,5ab40a2e5457a35766c1d58f,South Carolina Electric & Gas Co,IOU,SC,South Carolina Electric & Gas,South Carolina Electric & Gas Co,Not Applicable,5749.895066,1106775.707,590553.4979,615096,777,99719,715592,1323215.861,3_moist,462,-80.99624584,33.29152368,0,450,Columbia,,173.8611669
443,443,5bc7b6c75457a3a2783b43ec,Southern California Edison Co,IOU,CA,California ISO,California Independent System Operator (Balancing Authority),Arizona Nuclear Power Project,51406.5775,11452819.24,4322149.3,4362150,30086,578777,4971014,12734717.61,3_marine,463,-119.1800667,34.34556648,0,500,Rosemead,171.125,171.125
453,453,58d02ec55457a3a16dd557ef,Southern Indiana Gas & Electric Co,IOU,IN,Midcontinent ISO,Midcontinent ISO (Balancing Authority),Not Applicable,1479.366218,272978.404,129607.2209,122507,112,18722,141341,291692.24,4_moist,476,-87.4401898,38.10056896,0,400,Evansville,,323.2671756
454,454,5995dc175457a32760e27214,Southwestern Electric Power Co (Texas),IOU,TX,Southwest Power Pool,Southwest Power Pool (Balancing Authority),Not Applicable,10040.64859,1300749.18,694423.0286,454111,7030,73835,534976,1594991.74,3_dry,477,-100.3212609,34.87869769,0,500,Shreveport,280.17475,280.17475
456,456,5911e5aa5457a3502b80a117,Southwestern Electric Power Co (Louisiana),IOU,LA,Southwest Power Pool,Southwest Power Pool (Balancing Authority),Not Applicable,10040.64859,1300749.18,694423.0286,454111,7030,73835,534976,1594991.74,3_moist,479,-93.42599283,31.98036431,0,450,Shreveport,444.8142,444.8142
458,458,58daaf1a5457a37d0c3d33ce,Southwestern Electric Power Co (Arkansas),IOU,AR,Southwest Power Pool,Southwest Power Pool (Balancing Authority),Not Applicable,10040.64859,1300749.18,694423.0286,454111,7030,73835,534976,1594991.74,3_moist,481,-94.04811114,33.50158439,0,450,Shreveport,187.40987,187.40987
462,462,58b89d3c5457a36b44fbf84a,Southwestern Public Service Co (New Mexico),IOU,NM,Southwest Power Pool,Southwest Power Pool (Balancing Authority),Not Applicable,17048.43849,654158.4299,301127.1287,305897,224,83691,389812,732941.1587,3_dry,485,-103.9498932,32.35013625,0,500,Amarillo,181.0915,181.0915
465,465,5cd09e3c5457a3836554e9d6,Southwestern Public Service Co (Texas),IOU,TX,Southwest Power Pool,Southwest Power Pool (Balancing Authority),Not Applicable,17048.43849,654158.4299,301127.1287,305897,224,83691,389812,732941.1587,3_dry,488,-101.6733905,33.74177794,0,500,Amarillo,242.35156,242.35156
467,467,58b89d3c5457a36b44fbf84a,Southwestern Public Service Co (Oklahoma),IOU,OK,Southwest Power Pool,Southwest Power Pool (Balancing Authority),Not Applicable,17048.43849,654158.4299,301127.1287,305897,224,83691,389812,732941.1587,4_dry,490,-101.6891916,36.69492868,0,500,Amarillo,,197.7527675
468,468,58b89d3c5457a36b44fbf84a,Southwestern Public Service Co (Kansas),IOU,KS,Southwest Power Pool,Southwest Power Pool (Balancing Authority),Not Applicable,17048.43849,654158.4299,301127.1287,305897,224,83691,389812,732941.1587,4_moist,491,-101.9745851,37.03080773,0,500,Amarillo,,323.2671756
475,475,539f744aec4f024411ed06d5,Superior Water Light & Power Co,IOU,WI,Midcontinent ISO,Midcontinent ISO (Balancing Authority),Not Applicable,46.52925637,26137.77082,11828.09918,12626,115,2041,14782,26099.53509,7,498,-92.08522574,46.68986195,0,350,Superior,144.15672,144.15672
476,476,5c36158b5457a3ea5e91e8cc,Tampa Electric Co,IOU,FL,Tampa Electric Co,Tampa Electric Co,Not Applicable,1719.290751,1137532.55,619400.1628,659393,1608,83690,744691,1416754.402,2_moist,499,-82.27365238,27.81049831,0,500,Tampa,66.580882,66.580882
478,478,nan,Tennessee Valley Authority,Federal,AL,Tennessee Valley Authority,Tennessee Valley Authority,Not Applicable,77336.70173,1732.361621,5437079.155,0,45,19,64,12093248.21,3_moist,501,-86.94424586,33.35762956,0,450,Knoxville,,173.8611669
479,479,5d9604775457a30b0c61b9f1,Tennessee Valley Authority (Mississippi),Federal,MS,Tennessee Valley Authority,Tennessee Valley Authority,Not Applicable,77336.70173,1732.361621,5437079.155,0,45,19,64,12093248.21,3_moist,502,-89.1099631,33.36370282,0,450,Knoxville,,173.8611669
489,489,nan,Texas New Mexico Power Co,IOU,TX,ERCOT,ERCOT ISO (Balancing Authority),Not Applicable,8473.790817,451893.695,214580.3013,-99,-99,-99,-99,530686.5264,3_dry,514,-102.5439167,30.88745855,0,500,Fort Worth,,112.0382664
492,492,5ba024de5457a3325fd845cc,Toledo Edison Co (The),IOU,OH,PJM Interconnection,PJM Interconnection,Not Applicable,2123.994945,674171.0324,299640.6825,91969,71,8820,100860,668405.2653,5_moist,518,-83.80302987,41.48108072,0,350,Toledo,159.48639,159.48639
493,493,5c7804e05457a33773f3afb0,Tucson Electric Power Co,IOU,AZ,Tucson Electric Power Co,Tucson Electric Power Co,Not Applicable,1002.347186,751015.1144,384755.4075,381556,526,40461,422544,856223.4101,2_dry,519,-110.8691364,32.11980531,0,550,Tucson,77.728571,77.728571
494,494,53e251d75257a3721e319bdd,UGI Utilities Inc,IOU,PA,PJM Interconnection,PJM Interconnection,Not Applicable,422.1533543,127978.4569,59389.74649,55036,108,7564,62708,128294.5493,5_moist,520,-76.08727027,41.28552125,0,350,Reading,231.09244,231.09244
495,495,5bb3dbb05457a36b4f68a12c,United Illuminating Co (The),IOU,CT,New England ISO,New England ISO (Balancing Authority),Not Applicable,329.9731345,764997.87,326757.44,194728,277,13098,208104,805128.98,5_moist,521,-73.06854037,41.2880406,0,350,New Haven,,323.2671756
496,496,5592b4c45457a39c3dce8271,Unitil Energy Systems,IOU,NH,New England ISO,New England ISO (Balancing Authority),Not Applicable,376.8815489,129633.7934,63864.06218,57909,35,9211,67155,142048.8046,6_moist,522,-71.55779733,43.25304067,0,350,Concord,190.18953,190.18953
498,498,53ce83dd5257a36e75503cf8,UNS Electric Inc,IOU,AZ,Tucson Electric Power Co,Tucson Electric Power Co,Not Applicable,8069.299829,142876.7461,93929.2568,84590,7,11571,96168,180853.51,3_dry,524,-114.5510911,35.82223578,0,500,Tucson,53.491803,53.491803
500,500,559be3465457a3a663271883,Upper Peninsula Power Co,IOU,MI,Midcontinent ISO,Midcontinent ISO (Balancing Authority),Not Applicable,6326.421125,161632.42,88040.12093,55342,9,7521,62872,162198.3388,7,526,-88.23662069,46.7800237,0,350,Houghton,316.45161,316.45161
503,503,53e144915257a3337d2871e0,Wellsboro Electric Co,IOU,PA,PJM Interconnection,PJM Interconnection,Not Applicable,184.7294235,9053.09444,4842.906653,5112,13,1196,6321,9182.062333,6_moist,532,-77.29389066,41.76667036,0,350,Wellsboro,,323.2671756
504,504,5ba946925457a3ad77c4a516,West Penn Power Co,IOU,PA,PJM Interconnection,PJM Interconnection,Not Applicable,9834.647451,1424602.128,660206.1019,452529,5698,54634,512861,1460391.369,5_moist,533,-77.55272718,39.79503694,0,400,Greensburg,270.70109,270.70109
507,507,5c62e31d5457a38525175f0c,Westar Energy Inc,IOU,KS,Southwest Power Pool,Southwest Power Pool (Balancing Authority),Not Applicable,7468.27019,711384.9925,317506.1192,329457,1229,49073,379759,746755.5074,4_moist,536,-97.75146592,38.47661236,0,450,Topeka,,323.2671756
510,510,539f760bec4f024411ed1b31,Western Massachusetts Electric Co,IOU,MA,New England ISO,New England ISO (Balancing Authority),Not Applicable,1562.738359,467728.2894,202363.0959,144677,433,14296,159406,473646.3715,5_moist,539,-72.85547233,42.38076729,0,350,West Springfield,,323.2671756
511,511,5a7c888a5457a33f315d8b12,Wisconsin Electric Power Co (Wisconson),IOU,WI,Midcontinent ISO,Midcontinent ISO (Balancing Authority),Not Applicable,6088.744839,2299730.91,1045966.124,1005530,662,116578,1122771,2410837.12,7,541,-89.03342064,46.01845768,0,350,Milwaukee,297.87234,297.87234
513,513,5bbcd3975457a39930135b4e,Wisconsin Electric Power Co (Michigan),IOU,MI,Midcontinent ISO,Midcontinent ISO (Balancing Authority),Not Applicable,6088.744839,2299730.91,1045966.124,1005530,662,116578,1122771,2410837.12,7,543,-89.2794485,46.43402654,0,350,Milwaukee,,155.4287146
515,515,5c40ae6f5457a32e5b1482c4,Wisconsin Power & Light Co,IOU,WI,Midcontinent ISO,Midcontinent ISO (Balancing Authority),Not Applicable,9790.186564,800152.8457,400318.7655,410620,1114,59715,471449,882907.6058,7,545,-88.830075,45.1869758,0,350,Madison,,155.4287146
517,517,5c50850b5457a3f05606d708,Wisconsin Public Service Corp,IOU,WI,Midcontinent ISO,Midcontinent ISO (Balancing Authority),Not Applicable,11004.84637,770578.31,413789.8216,388063,189,53994,442246,802358.4408,7,547,-89.2684064,45.63096606,0,350,Green Bay,507.82123,507.82123
520,520,539fc502ec4f024c27d8ccc3,Alaska Village Electric Coop Inc,DistCoop,AK,Chugach Electric Association Inc,Chugach Electric Association Inc,Not Applicable,65819.91461,15925.31,5891.575628,8158,0,3256,11414,17244.7724,8,592,-161.5835956,65.46711571,0,200,Anchorage,,86.828122
522,522,539f6f65ec4f024411eccdcb,Oncor Electric Delivery,Private,TX,ERCOT,ERCOT ISO (Balancing Authority),Not Applicable,73492.13222,0,0,-99,-99,-99,-99,0,3_dry,598,-104.3533382,31.4408564,0,550,Dallas,,112.0382664
525,525,58d2a2c55457a34941d557ef,Nebraska Public Power District,PSubdiv,NE,Southwest Power Pool,Southwest Power Pool (Balancing Authority),Not Applicable,4526.239287,348147.5216,182017.8114,72021,60,19533,91614,449151.2746,6_moist,606,-102.6157713,43.0311569,0,400,Columbus,93.571429,93.571429
526,526,539fcb47ec4f024d2f540484,Garkane Energy Coop Inc,DistCoop,AZ,Deseret Power Electric Coop,PacifiCorp East,Deseret Power Electric Coop,14559.86959,26702.95286,16472.05492,11053,1,2384,13438,32595.90619,3_dry,607,-113.3763101,36.38673574,0,550,Richfield,,112.0382664
528,528,59f8a76b5457a3c02fc05085,Continental Divide Electric Coop Inc,DistCoop,AZ,Public Service Co of New Mexico,Public Service Co of New Mexico,Tri State Generation & Transmission Association Inc,8407.386847,85129.33795,46909.3322,20906,5,3131,24042,131102.9485,5_dry,610,-109.2032351,35.05781249,0,550,Grants,,323.2671756
529,529,540870ca5257a36f5afd47cc,Sulphur Springs Valley Electric Coop Inc,DistCoop,AZ,Arizona Electric Power Coop Inc,WAPA Desert Southwest Region,Arizona Electric Power Coop Inc,5801.178843,91579.87555,48800.12251,42721,5,8990,51716,106244.8767,3_dry,611,-109.8227559,31.92564043,0,550,Willcox,112.87671,112.87671
530,530,539fbcbfec4f024c27d873dd,Navopache Electric Coop Inc,DistCoop,AZ,Public Service Co of New Mexico,Public Service Co of New Mexico,Plains Electric Generating & Transmission Coop,9127.588638,45672.81634,41224.18719,36976,176,3723,40875,60883.39162,4_dry,612,-110.386099,33.84628557,0,550,Lakeside,,197.7527675
533,533,53e1220c5257a36c7e2871dc,"Columbus Electric Coop, Inc (Arizona)",DistCoop,AZ,Public Service Co of New Mexico,Public Service Co of New Mexico,Tri State Generation & Transmission Association Inc,6657.91544,13012.76654,6475.090877,3941,326,828,5095,13719.708,3_dry,615,-109.1338225,31.81578894,0,550,Deming,,112.0382664
535,535,5cdc6d545457a3616340c5db,Valley Electric Association Inc (Nevada),DistCoop,NV,Nevada Power Co,Nevada Power Co,Arizona Electric Power Coop Inc,7830.405329,28826.37155,21443.66945,19308,223,2369,21900,44965.73346,3_dry,617,-115.7059481,36.07720194,0,550,Pahrump,87.93053,87.93053
539,539,539fb731ec4f024bc1dc0913,Valley Electric Association Inc,DistCoop,NV,Nevada Power Co,Nevada Power Co,Arizona Electric Power Coop Inc,7830.405329,28826.37155,21443.66945,19308,223,2369,21900,44965.73346,4_dry,623,-117.8441836,37.41789286,0,550,Pahrump,87.93053,87.93053
540,540,5b0f284b5457a3b252733306,Imperial Irrigation District,Muni,CA,Imperial Irrigation District,Imperial Irrigation District,Southern California Public Power Authority,6627.294125,287072.73,141744.37,132632,834,20999,154465,384575.53,3_dry,624,-115.960333,33.62883432,0,550,El Centro,,112.0382664
543,543,539fb6fdec4f024bc1dc06e7,Otero County Electric Coop Inc,DistCoop,NM,Public Service Co of New Mexico,Public Service Co of New Mexico,Tri State Generation & Transmission Association Inc,10500.54091,36087.66031,22709.785,15740,0,3568,19308,39210.47885,4_dry,627,-105.7178448,33.59690095,0,550,Cloudcroft,,197.7527675
544,544,539fba9bec4f024bc1dc2f87,Farmers Electric Coop Inc (NM),DistCoop,NM,Southwest Power Pool,Southwest Power Pool (Balancing Authority),Western Farmers Electric Coop,7170.80881,14194.31299,6736.307037,9819,1516,1770,13105,12415.89973,4_dry,628,-104.2833851,34.6693198,0,550,Clovis,55.429448,55.429448
546,546,539fb55aec4f024bc1dbf3ab,Central New Mexico Electric Coop Inc,DistCoop,NM,Public Service Co of New Mexico,Public Service Co of New Mexico,Tri State Generation & Transmission Association Inc,7535.421828,40441.43367,22019.57684,16065,303,1743,18111,48909.18118,5_dry,630,-105.9606866,34.5506315,0,550,Mountainair,,323.2671756
547,547,53e123ab5257a36c7e2871dd,Columbus Electric Coop Inc,DistCoop,NM,Public Service Co of New Mexico,Public Service Co of New Mexico,Tri State Generation & Transmission Association Inc,6657.91544,13012.76654,6475.090877,3941,326,828,5095,13719.708,4_dry,631,-108.3747607,32.16452015,0,550,Deming,,197.7527675
550,550,539f6f98ec4f024411ecd001,Jemez Mountains Electric Coop Inc,DistCoop,NM,WAPA Desert Southwest Region,WAPA Desert Southwest Region,Tri State Generation & Transmission Association Inc,5658.29901,94707.59869,44679.68646,27278,6,3746,31030,105268.9263,5_dry,634,-106.5471063,35.48392794,0,550,Espanola,148.44886,148.44886
552,552,539f73b1ec4f024411ecff6b,Rio Grande Electric Coop Inc,DistCoop,NM,ERCOT,ERCOT ISO (Balancing Authority),Not Applicable,27007.85454,35410.32436,21993.81646,8607,545,4257,13409,48612.22872,3_dry,636,-104.6492775,32.30994801,0,550,Brackettville,,112.0382664
564,564,53b2bded5257a32472050f98,Harney Electric Coop Inc,DistCoop,NV,Bonneville Power Administration,Bonneville Power Administration,Not Applicable,22608.08036,9813.255962,6866.479057,1500,2130,0,3630,14984.72751,5_dry,648,-118.4795435,41.09861033,0,500,Burns,,323.2671756
567,567,539fc3ecec4f024c27d8c15f,Mt Wheeler Power Inc,DistCoop,NV,Nevada Power Co,Nevada Power Co,Deseret Power Electric Coop,18951.65344,32191.88235,15777.74194,5267,456,1726,7449,37831.9499,5_dry,651,-115.1998483,39.0289822,0,500,Ely,,323.2671756
568,568,594aab5e5457a32d0275d08c,Southeast Colorado Power Association,DistCoop,CO,Tri State G & T Association Inc,WAPA Rocky Mountain Region,Tri State Generation & Transmission Association Inc,9559.562694,22228.95964,10509.18994,7725,1483,1123,10331,24486.7913,4_dry,652,-102.7924514,37.33020396,0,500,La Junta,,197.7527675
569,569,594a9db45457a3b22275d087,San Isabel Electric Association Inc,DistCoop,CO,Tri State G & T Association Inc,WAPA Rocky Mountain Region,Tri State Generation & Transmission Association Inc,6552.024698,76310.31688,38275.91012,21357,8,2683,24048,77532.0058,4_dry,653,-104.247729,37.34222997,0,500,Pueblo West,,197.7527675
571,571,54e20fb15357a3bd1649f631,Medina Electric Coop Inc,DistCoop,TX,ERCOT,ERCOT ISO (Balancing Authority),South Texas Electric Coop Inc,8760.892644,80600.83718,28992.14634,26159,1078,5439,32676,74571.30627,2_moist,656,-98.80093445,26.71106897,0,500,Hondo,125.68182,125.68182
574,574,5bc4650f5457a3b94b3b43ec,South Plains Electric Coop Inc,DistCoop,TX,ERCOT,ERCOT ISO (Balancing Authority),Not Applicable,6385.402901,47843.61492,25639.81414,39876,7732,8917,56525,59968.23898,3_dry,659,-100.6450736,33.68362978,0,500,Lubbock,,112.0382664
576,576,5d1b79835457a30d07a745b5,Pedernales Electric Coop Inc,DistCoop,TX,ERCOT,ERCOT ISO (Balancing Authority),Not Applicable,7338.011008,309602.3807,206484.3911,290157,166,43486,333809,497670.0237,3_dry,661,-100.1012718,30.51469919,0,500,Johnson City,63.833333,63.833333
582,582,539fca60ec4f024d2f53fb3a,Moon Lake Electric Association Inc,DistCoop,UT,Deseret Power Electric Coop,PacifiCorp East,Deseret Power Electric Coop,9959.101566,47103.66058,26771.09414,14090,952,4266,19308,57666.85556,6_dry,670,-109.3,40.25,0,500,Roosevelt,,323.2671756
596,596,5b16b03d5457a39827ce813c,Sumter Electric Coop Inc,DistCoop,FL,Seminole Electric Coop Inc,Seminole Electric Coop Inc,Seminole Electric Coop Inc,3001.95487,321326.334,237532.8417,182456,1291,16779,200526,459213.3571,2_moist,684,-81.67932698,28.6558562,0,500,Sumterville,,118.9024814
597,597,539fbf90ec4f024c27d89303,Midwest Energy Inc,DistCoop,KS,Southwest Power Pool,Southwest Power Pool (Balancing Authority),Not Applicable,9485.557233,67383.3156,38898.44179,29738,7202,13178,50118,81523.80909,4_moist,685,-99.01061674,38.32057715,0,450,Hays,164.5367,164.5367
598,598,539fb960ec4f024bc1dc21c7,Rolling Hills Electric Coop,DistCoop,KS,Southwest Power Pool,Southwest Power Pool (Balancing Authority),Kansas Electric Power Coop Inc,6191.330112,40130.14363,20510.41509,8781,526,1693,11000,37491.80127,5_moist,686,-98.60106794,39.54499485,0,450,Mankato,,323.2671756
599,599,53a98a9e5257a31f2f2c8964,Prairie Land Electric Coop Inc,DistCoop,KS,Southwest Power Pool,Southwest Power Pool (Balancing Authority),Not Applicable,6380.181391,21731.67832,16361.9716,13887,2389,8555,24831,30925.20991,5_moist,687,-100.2936437,39.70322005,0,450,Norton,,323.2671756
606,606,539fbdffec4f024c27d881af,Yampa Valley Electric Association Inc (Wyoming),DistCoop,WY,Public Service Co of Colorado,Public Service Co of Colorado,Not Applicable,7079.951687,32142.76265,21750.41373,22178,16,4717,26911,37571.47183,6_dry,694,-107.6741703,41.10415099,0,450,Steamboat Springs,140.93987,140.93987
607,607,5b32609d5457a367478367be,Powder River Energy Corp,DistCoop,WY,WAPA Rocky Mountain Region,WAPA Rocky Mountain Region,Basin Electric Power Coop,17002.6446,49342.93791,30170.77224,15010,3637,8116,26763,68928.71109,6_dry,695,-104.1154275,43.57532393,0,450,Sundance,122.08589,122.08589
608,608,53a1b5975257a3cb0b077749,High Plains Power Inc,DistCoop,WY,Tri State G & T Association Inc,WAPA Rocky Mountain Region,Tri State Generation & Transmission Association Inc,11807.73274,22965.87474,12594.92012,11790,571,452,12813,26945.93074,6_dry,696,-108.0433042,43.03146361,0,450,Riverton,,323.2671756
609,609,594ab6995457a32d0275d090,Yampa Valley Electric Association Inc,DistCoop,CO,Public Service Co of Colorado,Public Service Co of Colorado,Not Applicable,7079.951687,32142.76265,21750.41373,22178,16,4717,26911,37571.47183,6_dry,697,-108.0497553,40.60819594,0,450,Steamboat Springs,163.88206,163.88206
629,629,5cd1f9c95457a32d0554e9d6,Jackson Electric Member Corp,DistCoop,GA,Oglethorpe Power Corp,Southern Co Services Inc,Oglethorpe Power Corp,986.8423251,304285.3889,168165.7841,202989,199,21899,225087,450876.1024,4_moist,721,-83.67321264,34.27624167,0,450,Jefferson,87.133825,87.133825
631,631,56156e8f5457a3487335c494,Panhandle Rural Electric Member Association,DistCoop,NE,Tri State G & T Association Inc,WAPA Rocky Mountain Region,Tri State Generation & Transmission Association Inc,6546.53525,16196.94387,8101.786146,1688,849,1240,3777,15742.06404,5_moist,723,-102.4362677,41.97475849,0,450,Alliance,,323.2671756
632,632,5589c32a5457a338328b456b,Custer Public Power District,PSubdiv,NE,Southwest Power Pool,Southwest Power Pool (Balancing Authority),Nebraska Electric G & T Coop Inc,7598.032761,16920.8955,8818.624768,4625,4942,1155,10722,16671.87425,5_moist,724,-101.0378258,41.45173512,0,450,Broken Bow,,323.2671756
634,634,53aae0335257a3264a1cfe36,Oregon Trail Electric Cons Coop Inc,DistCoop,OR,Bonneville Power Administration,Bonneville Power Administration,Not Applicable,6854.666226,43083.94608,21212.8034,25454,9,5621,31084,44176.73768,5_dry,726,-119.0242583,43.64872672,0,450,La Grande,,323.2671756
637,637,5b7c4a505457a396290a2ad1,Clay Electric Coop Inc (FL),DistCoop,FL,Seminole Electric Coop Inc,Seminole Electric Coop Inc,Seminole Electric Coop Inc,2485.588834,362402.9169,190281.0026,154318,30,19456,173804,440298.6264,2_moist,729,-82.12278803,29.79823836,0,450,Gainesville,87.145228,87.145228
638,638,539fb93dec4f024bc1dc2017,Lacreek Electric Association Inc,DistCoop,SD,Midcontinent ISO,Midcontinent ISO (Balancing Authority),Rushmore Electric Power Coop Inc,5152.486809,17972.10485,6096.783045,5846,122,752,6720,19950.62242,6_moist,730,-102.5637834,43.32258118,0,400,Martin,,323.2671756
640,640,53d66e8d5257a32e2208aa1a,Moreau Grand Electric Coop Inc,DistCoop,SD,Southwest Power Pool,Southwest Power Pool (Balancing Authority),Rushmore Electric Power Coop Inc,6914.844443,12635.67479,4525.509767,5984,0,969,6953,12137.96677,6_moist,732,-101.2450789,45.29141082,0,400,Timber Lake,,323.2671756
646,646,539f7106ec4f024411ece131,Vigilante Electric Co Op Inc,DistCoop,MT,NorthWestern Energy,Northwestern Energy,Not Applicable,9010.281629,74772.07808,39763.55043,8441,1291,147,9879,84892.27497,6_dry,738,-112.5925312,45.50913286,0,400,Dillon,,323.2671756
647,647,56342e0b5457a3e322bc06b2,Sun River Electric Coop Inc,DistCoop,MT,WAPA Upper Great Plains West,WAPA Upper Great Plains West,Central Montana Electric Power Coop Inc,6861.202392,90763.63231,42217.68556,4473,1016,347,5836,92013.7471,6_dry,739,-112.2500563,47.54623043,0,400,Fairfield,,323.2671756
649,649,539fcbc4ec4f024d2f540972,Fergus Electric Coop Inc,DistCoop,MT,WAPA Upper Great Plains West,WAPA Upper Great Plains West,Southern Montana Electric G&T Coop,12780.97537,23328.6179,13245.09474,6069,122,240,6431,25186.44728,6_dry,741,-108.8758314,46.39022862,0,400,Lewistown,,323.2671756
651,651,539f701dec4f024411ecd63d,Roughrider Electric Coop,DistCoop,ND,Southwest Power Pool,Southwest Power Pool (Balancing Authority),Upper Missouri G & T Electric Coop Inc,5292.911216,36039.45056,17566.97933,10833,70,3802,14705,36899.10232,6_moist,743,-103.4938489,46.80507469,0,400,Dickinson,,323.2671756
654,654,539fcbadec4f024d2f540820,Lower Valley Energy Inc (Wyoming),DistCoop,WY,Bonneville Power Administration,Bonneville Power Administration,Not Applicable,5969.494413,27491.56984,19009.60666,21068,214,6330,27612,35639.20744,7,746,-110.5931182,43.4106407,0,400,Afton,,155.4287146
656,656,5d41c0a45457a3c41bdc8c3b,Middle Tennessee EMC,DistCoop,TN,Tennessee Valley Authority,Tennessee Valley Authority,Tennessee Valley Authority,1910.121763,335596.8809,183206.9352,190810,28,28395,219233,472222.9494,4_moist,748,-86.463215,35.95228909,0,400,Murfreesboro,59.288538,59.288538
657,657,5d1b88b35457a30d07a745b6,Knoxville Utilities Board,Muni,TN,Tennessee Valley Authority,Tennessee Valley Authority,Tennessee Valley Authority,588.7775025,386122.17,197356.9257,178043,30,23784,201857,437772.8253,4_moist,749,-83.90872365,36.01168242,0,400,Knoxville,114.27941,114.27941
658,658,5d1cdba35457a35b71a745b5,Chattanooga TN (City of),Muni,TN,Chattanooga TN (City of),Tennessee Valley Authority,Tennessee Valley Authority,970.7982473,372551.4166,185835.934,155491,62,24763,180316,415400.687,4_moist,750,-85.13535296,35.24447773,0,400,Chattanooga,139.2375,139.2375
670,670,539fb906ec4f024bc1dc1d9b,Lacreek Electric Association Inc (Nebraska),DistCoop,NE,Midcontinent ISO,Midcontinent ISO (Balancing Authority),Rushmore Electric Power Coop Inc,5152.486809,17972.10485,6096.783045,5846,122,752,6720,19950.62242,5_moist,762,-101.5016834,42.7865754,0,400,Martin,,323.2671756
674,674,539fbf20ec4f024c27d88e07,Lower Valley Energy Inc,DistCoop,ID,Bonneville Power Administration,Bonneville Power Administration,Not Applicable,5969.494413,27491.56984,19009.60666,21068,214,6330,27612,35639.20744,6_dry,766,-111.2857559,43.03635718,0,400,Afton,,323.2671756
676,676,539fc36bec4f024c27d8bc2f,Midwest Energy Coop,DistCoop,MI,PJM Interconnection,PJM Interconnection,Not Applicable,2527.896703,384881.915,183219.2778,29936,0,6049,35985,406064.122,5_moist,768,-85.98818833,41.74877482,0,350,Cassopolis,,323.2671756
679,679,539f6f77ec4f024411ecce9b,Norval Electric Coop Inc,DistCoop,MT,Midcontinent ISO,Midcontinent ISO (Balancing Authority),Central Montana Electric Power Coop Inc,5669.976385,9043.1,5962.572505,1997,4,1379,3380,10017.21709,6_dry,771,-106.4886599,48.41360037,0,350,Glasgow,,323.2671756
680,680,56251b605457a3f52d418742,Northern Lights Inc (Montana),DistCoop,MT,Bonneville Power Administration,Bonneville Power Administration,Pacific Northwest Generating Coop,5700.162772,53203.00001,34998.85252,18854,10,1174,20038,60275.94453,6_dry,772,-115.6965441,48.27150828,0,350,Sagle,,323.2671756
681,681,539fb7ffec4f024bc1dc1213,Hill County Electric Coop Inc (MT),DistCoop,MT,NorthWestern Energy,Northwestern Energy,Central Montana Electric Power Coop Inc,8888.053897,25128.80598,11269.9702,3603,3,250,3856,24373.28382,6_dry,773,-109.9993709,48.3550659,0,350,Havre,,323.2671756
688,688,5b7c4a505457a396290a2ad1,Cleveland Public Power,Muni,OH,PJM Interconnection,PJM Interconnection,American Municipal Power Inc,80.90533584,522808.791,232828.0753,64917,25,8422,73364,442995.1232,5_moist,783,-81.68292699,41.47975858,0,350,Cleveland,,323.2671756
689,689,562522fc5457a39834418741,Northern Lights Inc,DistCoop,ID,Bonneville Power Administration,Bonneville Power Administration,Pacific Northwest Generating Coop,5700.162772,53203.00001,34998.85252,18854,10,1174,20038,60275.94453,6_dry,784,-117.0688276,48.28364689,0,350,Sagle,,323.2671756
690,690,572a7d265457a3516fade1d2,PUD No 1 of Clark County,PSubdiv,WA,Bonneville Power Administration,Bonneville Power Administration,Not Applicable,654.5985625,345237.9295,167389.8595,186105,29,17841,203975,425310.5731,4_marine,785,-122.6702813,45.74566506,0,350,Vancouver,120.96059,120.96059
693,693,595131005457a35a5bc274d4,Lake Country Power,DistCoop,MN,Midcontinent ISO,Midcontinent ISO (Balancing Authority),Great River Energy,10048.76899,138802.1599,91062.46536,45444,2,3654,49100,145137.8165,7,789,-92.92863616,47.37135521,0,350,Grand Rapids,141.24708,141.24708
696,696,539fcaadec4f024d2f53fe4e,Northern Lights Inc (Washington),DistCoop,WA,Bonneville Power Administration,Bonneville Power Administration,Pacific Northwest Generating Coop,5700.162772,53203.00001,34998.85252,18854,10,1174,20038,60275.94453,6_dry,792,-116.7248176,48.8246705,0,300,Sagle,,323.2671756
698,698,nan,Aniak Light & Power Co Inc,IOU,AK,Chugach Electric Association Inc,Chugach Electric Association Inc,Not Applicable,2.044480083,574,0.077267003,178,0,36,214,0.15474745,8,1012,-159.5477356,61.5776435,0,250,Aniak,,86.828122
702,702,5aea3c9c5457a3167ba3d167,Entergy Texas Inc,IOU,TX,Midcontinent ISO,Midcontinent ISO (Balancing Authority),Not Applicable,17983.7259,1289966.534,641354.958,390771,5510,50490,446771,1551218.558,2_moist,1196,-95.27460815,30.56871493,0,450,Austin,278.14291,278.14291
703,703,nan,Golden State Water Co,IOU,CA,California ISO,California Independent System Operator (Balancing Authority),Not Applicable,93.48125691,7822.01,16736.03916,-99,-99,-99,-99,12062.44107,3_dry,1209,-116.9209495,34.27876128,0,550,Big Bear Lake,,112.0382664
709,709,5a6233b75457a3b637e429ce,Memphis Light Gas & Water,Muni,TN,Memphis Light Gas & Water,Tennessee Valley Authority,Tennessee Valley Authority,783.9469486,896855.7921,398275.7526,370693,258,43364,414315,927671.9484,3_moist,1318,-89.89549934,35.18367757,0,400,Memphis,,173.8611669
725,725,5d4055715457a3ef65dc8c3b,Virginia Electric & Power Co (North Carolina),IOU,NC,PJM Interconnection,PJM Interconnection,Not Applicable,12893.66252,4783476.94,2268826.553,2298895,648,275135,2574679,5481126.014,3_moist,1632,-76.41741526,35.99303136,0,400,Richmond,,173.8611669
727,727,5ce3223f5457a3596febd8ac,Virginia Electric & Power Co (Virginia),IOU,VA,PJM Interconnection,PJM Interconnection,Not Applicable,12893.66252,4783476.94,2268826.553,2298895,648,275135,2574679,5481126.014,4_moist,1636,-77.69669372,37.62018171,0,400,Richmond,,323.2671756
728,728,5c4764055457a3cb40427930,Wheeling Power Co,IOU,OH,PJM Interconnection,PJM Interconnection,Not Applicable,420.5073717,82939.87064,36919.84868,34918,267,6242,41427,77247.02839,5_moist,1649,-80.65180405,39.92176446,0,350,Columbus,312.88546,312.88546
729,729,5c3cd3085457a35f2b1482c6,Kentucky Utilities Co (Tennessee),IOU,KY,Louisville Gas & Electric Co,LG&E & KU Services Co,Not Applicable,4740.732191,666840.1972,357013.0433,452920,2736,94980,550636,804002.0334,4_moist,1662,-83.72273204,36.57675587,0,400,Louisville,205.01737,205.01737
748,748,539fb447ec4f024bc1dbe795,Mesa Electric Utility AZ (City of),Muni,AZ,WAPA Desert Southwest Region,WAPA Desert Southwest Region,Arizona Electric Power Coop Inc,125.4432993,60915.48253,196899.4104,14163,0,2553,16716,423378.9993,2_dry,1855,-111.7273956,33.40722067,0,550,Mesa,,112.038266
755,755,539fb4f3ec4f024bc1dbef45,WAPA Desert Southwest Region,Federal,AZ,WAPA Desert Southwest Region,WAPA Desert Southwest Region,Not Applicable,158064.2253,-99,-99,-99,-99,-99,-99,-99,2_dry,2755,-110.65,32.45,0,500,Phoenix,,112.038266
757,757,nan,Covington Electric Coop Inc,DistCoop,AL,PowerSouth Energy Coop,PowerSouth Energy Coop,PowerSouth Energy Coop,1390.980055,53117.01562,26526.55151,21834,13,1276,23123,55551.49764,2_moist,2757,-86.58143372,30.99503405,0,450,Andalusia,73.296144,73.296144
758,758,539fc045ec4f024c27d89a7f,Canoochee Electric Member Corp,DistCoop,GA,Oglethorpe Power Corp,Southern Co Services Inc,Oglethorpe Power Corp,1105.917157,52450.67638,21663.02804,20636,440,371,21447,54953.4922,2_moist,2758,-81.78553471,31.98628554,0,450,Reidsville,,118.9024814
759,759,539fb87aec4f024bc1dc176d,Sierra Electric Coop Inc,DistCoop,NM,Public Service Co of New Mexico,Public Service Co of New Mexico,Tri State Generation & Transmission Association Inc,4003.435144,10864.10036,4070.468244,3595,0,591,4186,5424.112777,3_dry,2759,-106.4210208,33.02378448,0,500,Elephant Butte,,112.0382664
761,761,5405c29e5257a3c621af34b1,Lassen Municipal Utility District,Muni,CA,California ISO,California Independent System Operator (Balancing Authority),Not Applicable,2258.140153,27727.62,10955.16,9032,125,2856,12013,30856.41,3_dry,2761,-121.3230469,40.60211124,0,450,Susanville,86.798204,86.798204
764,764,539fbcbdec4f024c27d8737f,Jefferson Energy Coop,DistCoop,GA,Oglethorpe Power Corp,Southern Co Services Inc,Oglethorpe Power Corp,1163.277139,82156.49213,36686.21566,31918,382,1814,34114,94377.5732,3_moist,2764,-81.87712564,33.30978139,0,450,Wrens,,173.8611669
766,766,5d24fc8e5457a3074edc131f,Huntsville AL (City of),Muni,AL,Tennessee Valley Authority,Tennessee Valley Authority,Tennessee Valley Authority,764.349167,274718.2236,145968.5491,160610,30,21803,182443,332968.0616,3_moist,2766,-86.54363818,34.77108734,0,600,Huntsville,,173.8611669
767,767,539fbe90ec4f024c27d887e9,Weakley County Municipal Electric System,Muni,TN,Tennessee Valley Authority,Tennessee Valley Authority,Tennessee Valley Authority,681.8981045,45588.67112,19971.26203,15676,7,4709,20392,45547.88858,3_moist,2767,-88.75501569,35.79227263,0,400,Martin,23.856708,23.856708
771,771,539f71b3ec4f024411ece8cd,Sumter Electric Member Corp,DistCoop,GA,Oglethorpe Power Corp,Southern Co Services Inc,Oglethorpe Power Corp,1904.34461,61744.15115,23342.79516,14758,14,5740,20512,58437.20839,3_moist,2771,-85.00031064,32.15563875,0,450,Americus,,173.8611669
772,772,539fc1efec4f024c27d8ac6f,Bowie Cass Electric Coop Inc,DistCoop,TX,Southwest Power Pool,Southwest Power Pool (Balancing Authority),Northeast Texas Electric Coop Inc,1374.866822,41852.31185,19254.64878,33168,7,4174,37349,44325.5067,3_moist,2772,-94.72362338,33.64583095,0,400,Douglassville,,173.8611669
779,779,5af5d3a75457a31843618be7,Rappahannock Electric Coop,DistCoop,VA,Old Dominion Electric Coop Inc,PJM Interconnection,Old Dominion Electric Coop,3996.017758,283886.7971,140741.8704,149258,569,11740,161567,338613.4517,4_moist,2779,-77.76039835,38.26827874,0,400,Fredericksburg,132.84862,132.84862
780,780,nan,Laclede Electric Coop Inc,DistCoop,MO,Associated Electric Coop Inc,Associated Electric Coop Inc,Sho ME Power Electric Coop,1931.011091,75518.39302,36481.47344,33604,14,3263,36881,89555.60498,4_moist,2780,-92.52603015,37.62073439,0,400,Lebanon,102.7619,102.7619
781,781,539fcbadec4f024d2f54080e,Independence Power & Light,Muni,MO,Southwest Power Pool,Southwest Power Pool (Balancing Authority),Missouri Joint Municipal Electric Utility Commission,78.44424829,112656.4751,53503.02712,52099,12,5065,57176,116304.1183,4_moist,2781,-94.35028807,39.08702536,0,400,Independence,,323.2671756
784,784,5b34fb145457a34e5a8367be,Cumberland Electric Member Corp,DistCoop,TN,Tennessee Valley Authority,Tennessee Valley Authority,Tennessee Valley Authority,1971.394976,252174.2926,128310.3437,83875,24,10656,94555,317031.0558,4_moist,2784,-87.21482778,36.48985697,0,400,Clarksville,,323.2671756
793,793,5bfdc4e85457a3c919146c53,Puerto Rico Electric Power Authority,Federal,PR,Puerto Rico Electric Power Authority,Not Applicable,Not Applicable,3463.051279,98434,1636944.493,1337756,617,127064,1465437,3725786.576,1_moist,2793,-66.35114895,18.23797077,1,550,San Juan,,90.7028644
795,795,539fbe0fec4f024c27d8822d,Beauregard Electric Coop Inc,DistCoop,LA,Louisiana Generating LLC,Midcontinent ISO (Balancing Authority),Cajun Electric Power Coop,1985.68642,44425.75314,18479.28079,38958,0,3753,42711,46326.33255,2_moist,2795,-93.12024148,30.65856284,0,450,Deridder,,118.9024814
796,796,539f6e8dec4f024411ecc367,Southside Electric Coop Inc,DistCoop,VA,Old Dominion Electric Coop Inc,PJM Interconnection,Old Dominion Electric Coop,2786.32807,113307.0546,58739.82087,53757,14,2301,56072,132136.2864,4_moist,2796,-78.3051229,37.1564579,0,400,Crewe,218.87097,218.87097
798,798,539fc92fec4f024d2f53eee2,Johnson County REMC,DistCoop,IN,Midcontinent ISO,Midcontinent ISO (Balancing Authority),Hoosier Energy Rural Electric Coop Inc,228.1788096,39311.67993,22907.06749,24046,18,2557,26621,57809.49513,5_moist,2798,-86.10754864,39.48553545,0,400,Franklin,67.635593,67.635593
799,799,539fc46eec4f024c27d8c70f,Bluebonnet Electric Coop Inc,DistCoop,TX,ERCOT,ERCOT ISO (Balancing Authority),Not Applicable,2933.620774,131399.3173,64503.12256,80588,1578,11506,93672,157352.0861,2_moist,2799,-97.01647697,30.16255648,0,450,Giddings,108.98774,108.98774